episode,fast_slot,policy,requests,stages,total_delay,compute_delay,transmission_delay,kkt_virtual_cost,infeasible,service_0,service_1,service_2,service_3,service_4
0,0,greedy_delta,9.0,21.0,3.513618230819702,2.1911120414733887,1.3225061893463135,3.513618230819702,0.0,2.0,1.0,3.0,1.0,2.0
0,0,lookahead_delta,9.0,21.0,3.513618230819702,2.1911120414733887,1.3225061893463135,3.513618230819702,0.0,2.0,1.0,3.0,1.0,2.0
0,0,wms_planner,9.0,21.0,3.72872793674469,2.197402000427246,1.5313259363174438,3.72872793674469,0.0,2.0,1.0,3.0,1.0,2.0
0,1,greedy_delta,17.0,45.0,12.972411632537842,9.839926719665527,3.1324849128723145,12.972411632537842,0.0,4.0,5.0,4.0,3.0,1.0
0,1,lookahead_delta,17.0,45.0,12.675394296646118,9.560918807983398,3.1144754886627197,12.675394296646118,0.0,4.0,5.0,4.0,3.0,1.0
0,1,wms_planner,17.0,45.0,12.968217849731445,9.804386138916016,3.1638317108154297,12.968217849731445,0.0,4.0,5.0,4.0,3.0,1.0
0,2,greedy_delta,16.0,43.0,12.370667457580566,9.279521942138672,3.0911455154418945,12.370667457580566,0.0,2.0,5.0,6.0,3.0,0.0
0,2,lookahead_delta,16.0,43.0,12.193928718566895,9.324237823486328,2.8696908950805664,12.193928718566895,0.0,2.0,5.0,6.0,3.0,0.0
0,2,wms_planner,16.0,43.0,12.128697633743286,9.159194946289062,2.9695026874542236,12.128697633743286,0.0,2.0,5.0,6.0,3.0,0.0
0,3,greedy_delta,11.0,28.0,5.367949843406677,3.591982841491699,1.775967001914978,5.367949843406677,0.0,2.0,2.0,3.0,2.0,2.0
0,3,lookahead_delta,11.0,28.0,5.333914399147034,3.6950666904449463,1.6388477087020874,5.333914399147034,0.0,2.0,2.0,3.0,2.0,2.0
0,3,wms_planner,11.0,28.0,5.650924324989319,3.7869272232055664,1.8639971017837524,5.650924324989319,0.0,2.0,2.0,3.0,2.0,2.0
0,4,greedy_delta,8.0,19.0,3.2462220191955566,2.0668578147888184,1.1793642044067383,3.2462220191955566,0.0,2.0,3.0,1.0,0.0,2.0
0,4,lookahead_delta,8.0,19.0,2.734959125518799,1.8232529163360596,0.9117062091827393,2.734959125518799,0.0,2.0,3.0,1.0,0.0,2.0
0,4,wms_planner,8.0,19.0,2.791466772556305,1.8241018056869507,0.9673649668693542,2.791466772556305,0.0,2.0,3.0,1.0,0.0,2.0
0,5,greedy_delta,12.0,32.0,7.0400742292404175,5.167631149291992,1.8724430799484253,7.0400742292404175,0.0,3.0,6.0,0.0,1.0,2.0
0,5,lookahead_delta,12.0,32.0,7.149492502212524,5.074406147003174,2.0750863552093506,7.149492502212524,0.0,3.0,6.0,0.0,1.0,2.0
0,5,wms_planner,12.0,32.0,6.876641631126404,5.083852767944336,1.7927888631820679,6.876641631126404,0.0,3.0,6.0,0.0,1.0,2.0
0,6,greedy_delta,13.0,32.0,7.504729747772217,5.315192222595215,2.189537525177002,7.504729747772217,0.0,3.0,6.0,1.0,0.0,3.0
0,6,lookahead_delta,13.0,32.0,7.504729747772217,5.315192222595215,2.189537525177002,7.504729747772217,0.0,3.0,6.0,1.0,0.0,3.0
0,6,wms_planner,13.0,32.0,7.4340760707855225,5.259027481079102,2.175048589706421,7.4340760707855225,0.0,3.0,6.0,1.0,0.0,3.0
0,7,greedy_delta,7.0,17.0,2.6970731616020203,1.9172488451004028,0.7798243165016174,2.6970731616020203,0.0,3.0,3.0,1.0,0.0,0.0
0,7,lookahead_delta,7.0,17.0,2.708415687084198,1.9221762418746948,0.7862394452095032,2.708415687084198,0.0,3.0,3.0,1.0,0.0,0.0
0,7,wms_planner,7.0,17.0,2.7594709396362305,1.8971076011657715,0.862363338470459,2.7594709396362305,0.0,3.0,3.0,1.0,0.0,0.0
0,8,greedy_delta,11.0,23.0,3.992655038833618,2.7953884601593018,1.1972665786743164,3.992655038833618,0.0,5.0,1.0,3.0,0.0,2.0
0,8,lookahead_delta,11.0,23.0,3.992655038833618,2.7953884601593018,1.1972665786743164,3.992655038833618,0.0,5.0,1.0,3.0,0.0,2.0
0,8,wms_planner,11.0,23.0,4.0960932970047,2.857210397720337,1.2388828992843628,4.0960932970047,0.0,5.0,1.0,3.0,0.0,2.0
0,9,greedy_delta,12.0,35.0,9.220731258392334,6.516199111938477,2.7045321464538574,9.220731258392334,0.0,2.0,7.0,1.0,2.0,0.0
0,9,lookahead_delta,12.0,35.0,9.135414600372314,6.470188140869141,2.665226459503174,9.135414600372314,0.0,2.0,7.0,1.0,2.0,0.0
0,9,wms_planner,12.0,35.0,8.966650009155273,6.481760501861572,2.484889507293701,8.966650009155273,0.0,2.0,7.0,1.0,2.0,0.0
0,10,greedy_delta,9.0,26.0,4.609396934509277,3.2662782669067383,1.343118667602539,4.609396934509277,0.0,1.0,4.0,1.0,2.0,1.0
0,10,lookahead_delta,9.0,26.0,4.599502801895142,3.2999484539031982,1.2995543479919434,4.599502801895142,0.0,1.0,4.0,1.0,2.0,1.0
0,10,wms_planner,9.0,26.0,4.605606436729431,3.3021156787872314,1.3034907579421997,4.605606436729431,0.0,1.0,4.0,1.0,2.0,1.0
0,11,greedy_delta,12.0,32.0,6.971343278884888,4.808864116668701,2.1624791622161865,6.971343278884888,0.0,2.0,4.0,2.0,2.0,2.0
0,11,lookahead_delta,12.0,32.0,6.971343278884888,4.808864116668701,2.1624791622161865,6.971343278884888,0.0,2.0,4.0,2.0,2.0,2.0
0,11,wms_planner,12.0,32.0,7.1752166748046875,4.9373650550842285,2.237851619720459,7.1752166748046875,0.0,2.0,4.0,2.0,2.0,2.0
0,12,greedy_delta,7.0,18.0,1.8970005512237549,1.4259757995605469,0.471024751663208,1.8970005512237549,0.0,2.0,2.0,0.0,1.0,2.0
0,12,lookahead_delta,7.0,18.0,2.0244019627571106,1.4902241230010986,0.534177839756012,2.0244019627571106,0.0,2.0,2.0,0.0,1.0,2.0
0,12,wms_planner,7.0,18.0,2.202871859073639,1.5437971353530884,0.6590747237205505,2.202871859073639,0.0,2.0,2.0,0.0,1.0,2.0
0,13,greedy_delta,5.0,12.0,1.2093438804149628,0.805225670337677,0.40411821007728577,1.2093438804149628,0.0,2.0,2.0,0.0,0.0,1.0
0,13,lookahead_delta,5.0,12.0,1.2093438804149628,0.805225670337677,0.40411821007728577,1.2093438804149628,0.0,2.0,2.0,0.0,0.0,1.0
0,13,wms_planner,5.0,12.0,1.214476764202118,0.7811287045478821,0.43334805965423584,1.214476764202118,0.0,2.0,2.0,0.0,0.0,1.0
0,14,greedy_delta,12.0,36.0,8.735498905181885,6.253154754638672,2.482344150543213,8.735498905181885,0.0,1.0,6.0,2.0,3.0,0.0
0,14,lookahead_delta,12.0,36.0,8.665738821029663,6.0054779052734375,2.6602609157562256,8.665738821029663,0.0,1.0,6.0,2.0,3.0,0.0
0,14,wms_planner,12.0,36.0,8.85386323928833,6.045495510101318,2.8083677291870117,8.85386323928833,0.0,1.0,6.0,2.0,3.0,0.0
0,15,greedy_delta,4.0,8.0,0.8655529916286469,0.4424112141132355,0.4231417775154114,0.8655529916286469,0.0,2.0,0.0,1.0,0.0,1.0
0,15,lookahead_delta,4.0,8.0,0.8655529916286469,0.4424112141132355,0.4231417775154114,0.8655529916286469,0.0,2.0,0.0,1.0,0.0,1.0
0,15,wms_planner,4.0,8.0,0.9178808629512787,0.3705194890499115,0.5473613739013672,0.9178808629512787,0.0,2.0,0.0,1.0,0.0,1.0
0,16,greedy_delta,23.0,58.0,20.463818550109863,15.892088890075684,4.57172966003418,20.463818550109863,0.0,6.0,4.0,6.0,4.0,3.0
0,16,lookahead_delta,23.0,58.0,20.697999954223633,15.826580047607422,4.871419906616211,20.697999954223633,0.0,6.0,4.0,6.0,4.0,3.0
0,16,wms_planner,23.0,58.0,20.822850704193115,15.837305068969727,4.985545635223389,20.822850704193115,0.0,6.0,4.0,6.0,4.0,3.0
0,17,greedy_delta,6.0,20.0,3.5642834901809692,2.24094820022583,1.3233352899551392,3.5642834901809692,0.0,1.0,2.0,0.0,3.0,0.0
0,17,lookahead_delta,6.0,20.0,3.3600986003875732,2.175467014312744,1.184631586074829,3.3600986003875732,0.0,1.0,2.0,0.0,3.0,0.0
0,17,wms_planner,6.0,20.0,3.3566619157791138,2.1615991592407227,1.1950627565383911,3.3566619157791138,0.0,1.0,2.0,0.0,3.0,0.0
0,18,greedy_delta,8.0,21.0,2.9857028126716614,2.143359422683716,0.8423433899879456,2.9857028126716614,0.0,2.0,3.0,1.0,1.0,1.0
0,18,lookahead_delta,8.0,21.0,2.89204740524292,2.1056854724884033,0.7863619327545166,2.89204740524292,0.0,2.0,3.0,1.0,1.0,1.0
0,18,wms_planner,8.0,21.0,3.496118664741516,2.2824909687042236,1.2136276960372925,3.496118664741516,0.0,2.0,3.0,1.0,1.0,1.0
0,19,greedy_delta,10.0,25.0,4.541547179222107,3.232412099838257,1.30913507938385,4.541547179222107,0.0,2.0,3.0,3.0,1.0,1.0
0,19,lookahead_delta,10.0,25.0,4.687381029129028,3.0823769569396973,1.605004072189331,4.687381029129028,0.0,2.0,3.0,3.0,1.0,1.0
0,19,wms_planner,10.0,25.0,4.676621198654175,3.089632511138916,1.5869886875152588,4.676621198654175,0.0,2.0,3.0,3.0,1.0,1.0
1,0,greedy_delta,9.0,20.0,3.137398600578308,2.349372386932373,0.7880262136459351,3.137398600578308,0.0,5.0,2.0,1.0,0.0,1.0
1,0,lookahead_delta,9.0,20.0,3.241694986820221,2.2687199115753174,0.9729750752449036,3.241694986820221,0.0,5.0,2.0,1.0,0.0,1.0
1,0,wms_planner,9.0,20.0,3.359265089035034,2.253232955932617,1.106032133102417,3.359265089035034,0.0,5.0,2.0,1.0,0.0,1.0
1,1,greedy_delta,6.0,15.0,2.2767086029052734,1.0950251817703247,1.1816834211349487,2.2767086029052734,0.0,0.0,1.0,1.0,1.0,3.0
1,1,lookahead_delta,6.0,15.0,2.1663520336151123,1.2187650203704834,0.9475870132446289,2.1663520336151123,0.0,0.0,1.0,1.0,1.0,3.0
1,1,wms_planner,6.0,15.0,2.3858338594436646,1.2421685457229614,1.1436653137207031,2.3858338594436646,0.0,0.0,1.0,1.0,1.0,3.0
1,2,greedy_delta,10.0,20.0,3.1542254090309143,2.2836756706237793,0.870549738407135,3.1542254090309143,0.0,6.0,0.0,1.0,0.0,3.0
1,2,lookahead_delta,10.0,20.0,3.1542254090309143,2.2836756706237793,0.870549738407135,3.1542254090309143,0.0,6.0,0.0,1.0,0.0,3.0
1,2,wms_planner,10.0,20.0,3.20733505487442,2.378725051879883,0.8286100029945374,3.20733505487442,0.0,6.0,0.0,1.0,0.0,3.0
1,3,greedy_delta,11.0,30.0,6.027788162231445,4.2065749168396,1.8212132453918457,6.027788162231445,0.0,1.0,4.0,2.0,2.0,2.0
1,3,lookahead_delta,11.0,30.0,6.027788162231445,4.2065749168396,1.8212132453918457,6.027788162231445,0.0,1.0,4.0,2.0,2.0,2.0
1,3,wms_planner,11.0,30.0,6.327020049095154,4.3358659744262695,1.9911540746688843,6.327020049095154,0.0,1.0,4.0,2.0,2.0,2.0
1,4,greedy_delta,4.0,11.0,1.166027843952179,0.7777581810951233,0.38826966285705566,1.166027843952179,0.0,2.0,1.0,0.0,1.0,0.0
1,4,lookahead_delta,4.0,11.0,1.166027843952179,0.7777581810951233,0.38826966285705566,1.166027843952179,0.0,2.0,1.0,0.0,1.0,0.0
1,4,wms_planner,4.0,11.0,1.1235707104206085,0.7045789361000061,0.4189917743206024,1.1235707104206085,0.0,2.0,1.0,0.0,1.0,0.0
1,5,greedy_delta,8.0,18.0,2.4515896439552307,1.5837478637695312,0.8678417801856995,2.4515896439552307,0.0,3.0,2.0,1.0,0.0,2.0
1,5,lookahead_delta,8.0,18.0,2.4515896439552307,1.5837478637695312,0.8678417801856995,2.4515896439552307,0.0,3.0,2.0,1.0,0.0,2.0
1,5,wms_planner,8.0,18.0,2.4515896439552307,1.5837478637695312,0.8678417801856995,2.4515896439552307,0.0,3.0,2.0,1.0,0.0,2.0
1,6,greedy_delta,9.0,20.0,3.256394386291504,2.275942802429199,0.9804515838623047,3.256394386291504,0.0,5.0,2.0,0.0,0.0,2.0
1,6,lookahead_delta,9.0,20.0,3.260446786880493,2.2847707271575928,0.9756760597229004,3.260446786880493,0.0,5.0,2.0,0.0,0.0,2.0
1,6,wms_planner,9.0,20.0,3.3586705923080444,2.2689642906188965,1.089706301689148,3.3586705923080444,0.0,5.0,2.0,0.0,0.0,2.0
1,7,greedy_delta,7.0,18.0,2.3509167432785034,1.5739656686782837,0.7769510746002197,2.3509167432785034,0.0,3.0,2.0,0.0,1.0,1.0
1,7,lookahead_delta,7.0,18.0,2.350030779838562,1.5741040706634521,0.7759267091751099,2.350030779838562,0.0,3.0,2.0,0.0,1.0,1.0
1,7,wms_planner,7.0,18.0,2.312632143497467,1.5181361436843872,0.7944959998130798,2.312632143497467,0.0,3.0,2.0,0.0,1.0,1.0
1,8,greedy_delta,5.0,12.0,1.5277947187423706,0.9556828141212463,0.5721119046211243,1.5277947187423706,0.0,1.0,2.0,1.0,0.0,1.0
1,8,lookahead_delta,5.0,12.0,1.5277947187423706,0.9556828141212463,0.5721119046211243,1.5277947187423706,0.0,1.0,2.0,1.0,0.0,1.0
1,8,wms_planner,5.0,12.0,1.5767542123794556,0.9678811430931091,0.6088730692863464,1.5767542123794556,0.0,1.0,2.0,1.0,0.0,1.0
1,9,greedy_delta,14.0,29.0,6.4370023012161255,4.481321334838867,1.9556809663772583,6.4370023012161255,0.0,4.0,1.0,5.0,0.0,4.0
1,9,lookahead_delta,14.0,29.0,6.38992440700531,4.454312324523926,1.9356120824813843,6.38992440700531,0.0,4.0,1.0,5.0,0.0,4.0
1,9,wms_planner,14.0,29.0,6.209187269210815,4.282101154327393,1.9270861148834229,6.209187269210815,0.0,4.0,1.0,5.0,0.0,4.0
1,10,greedy_delta,8.0,20.0,2.9011964797973633,1.9798743724822998,0.9213221073150635,2.9011964797973633,0.0,3.0,2.0,1.0,1.0,1.0
1,10,lookahead_delta,8.0,20.0,2.8803877234458923,1.928191900253296,0.9521958231925964,2.8803877234458923,0.0,3.0,2.0,1.0,1.0,1.0
1,10,wms_planner,8.0,20.0,2.934416651725769,1.981026291847229,0.95339035987854,2.934416651725769,0.0,3.0,2.0,1.0,1.0,1.0
1,11,greedy_delta,11.0,27.0,5.100346684455872,3.6275172233581543,1.4728294610977173,5.100346684455872,0.0,3.0,1.0,3.0,2.0,2.0
1,11,lookahead_delta,11.0,27.0,5.100346684455872,3.6275172233581543,1.4728294610977173,5.100346684455872,0.0,3.0,1.0,3.0,2.0,2.0
1,11,wms_planner,11.0,27.0,5.512277126312256,3.6932454109191895,1.8190317153930664,5.512277126312256,0.0,3.0,1.0,3.0,2.0,2.0
1,12,greedy_delta,9.0,27.0,5.102013826370239,3.572157144546509,1.5298566818237305,5.102013826370239,0.0,1.0,3.0,0.0,3.0,2.0
1,12,lookahead_delta,9.0,27.0,5.125932931900024,3.547236442565918,1.5786964893341064,5.125932931900024,0.0,1.0,3.0,0.0,3.0,2.0
1,12,wms_planner,9.0,27.0,5.017325401306152,3.537653923034668,1.4796714782714844,5.017325401306152,0.0,1.0,3.0,0.0,3.0,2.0
1,13,greedy_delta,10.0,23.0,4.047384142875671,2.7863049507141113,1.26107919216156,4.047384142875671,0.0,2.0,3.0,0.0,0.0,5.0
1,13,lookahead_delta,10.0,23.0,3.9807510375976562,2.7118160724639893,1.268934965133667,3.9807510375976562,0.0,2.0,3.0,0.0,0.0,5.0
1,13,wms_planner,10.0,23.0,4.2367565631866455,2.780702829360962,1.4560537338256836,4.2367565631866455,0.0,2.0,3.0,0.0,0.0,5.0
1,14,greedy_delta,9.0,23.0,3.989138603210449,2.7147040367126465,1.2744345664978027,3.989138603210449,0.0,2.0,3.0,3.0,1.0,0.0
1,14,lookahead_delta,9.0,23.0,3.9426043033599854,2.7503163814544678,1.1922879219055176,3.9426043033599854,0.0,2.0,3.0,3.0,1.0,0.0
1,14,wms_planner,9.0,23.0,4.328572750091553,2.8311567306518555,1.4974160194396973,4.328572750091553,0.0,2.0,3.0,3.0,1.0,0.0
1,15,greedy_delta,11.0,27.0,5.5672125816345215,3.487222194671631,2.0799903869628906,5.5672125816345215,0.0,0.0,3.0,4.0,1.0,3.0
1,15,lookahead_delta,11.0,27.0,5.483607292175293,3.603567123413086,1.880040168762207,5.483607292175293,0.0,0.0,3.0,4.0,1.0,3.0
1,15,wms_planner,11.0,27.0,5.396529674530029,3.631814956665039,1.7647147178649902,5.396529674530029,0.0,0.0,3.0,4.0,1.0,3.0
1,16,greedy_delta,15.0,40.0,10.141809701919556,7.571238994598389,2.570570707321167,10.141809701919556,0.0,5.0,4.0,1.0,3.0,2.0
1,16,lookahead_delta,15.0,40.0,10.121771335601807,7.479520797729492,2.6422505378723145,10.121771335601807,0.0,5.0,4.0,1.0,3.0,2.0
1,16,wms_planner,15.0,40.0,9.881149291992188,7.54990291595459,2.3312463760375977,9.881149291992188,0.0,5.0,4.0,1.0,3.0,2.0
1,17,greedy_delta,9.0,19.0,2.531056761741638,1.740098476409912,0.7909582853317261,2.531056761741638,0.0,4.0,1.0,1.0,0.0,3.0
1,17,lookahead_delta,9.0,19.0,2.531056761741638,1.740098476409912,0.7909582853317261,2.531056761741638,0.0,4.0,1.0,1.0,0.0,3.0
1,17,wms_planner,9.0,19.0,2.5421252250671387,1.7437982559204102,0.7983269691467285,2.5421252250671387,0.0,4.0,1.0,1.0,0.0,3.0
1,18,greedy_delta,9.0,23.0,3.861982226371765,2.6798980236053467,1.1820842027664185,3.861982226371765,0.0,2.0,3.0,3.0,1.0,0.0
1,18,lookahead_delta,9.0,23.0,3.875444769859314,2.676549196243286,1.1988955736160278,3.875444769859314,0.0,2.0,3.0,3.0,1.0,0.0
1,18,wms_planner,9.0,23.0,4.007007956504822,2.6788840293884277,1.328123927116394,4.007007956504822,0.0,2.0,3.0,3.0,1.0,0.0
1,19,greedy_delta,8.0,19.0,2.7488189935684204,1.8759607076644897,0.8728582859039307,2.7488189935684204,0.0,2.0,3.0,1.0,0.0,2.0
1,19,lookahead_delta,8.0,19.0,2.7488189935684204,1.8759607076644897,0.8728582859039307,2.7488189935684204,0.0,2.0,3.0,1.0,0.0,2.0
1,19,wms_planner,8.0,19.0,2.849778413772583,1.947801947593689,0.901976466178894,2.849778413772583,0.0,2.0,3.0,1.0,0.0,2.0
2,0,greedy_delta,9.0,19.0,2.632880210876465,1.753491997718811,0.8793882131576538,2.632880210876465,0.0,4.0,1.0,2.0,0.0,2.0
2,0,lookahead_delta,9.0,19.0,2.632880210876465,1.753491997718811,0.8793882131576538,2.632880210876465,0.0,4.0,1.0,2.0,0.0,2.0
2,0,wms_planner,9.0,19.0,2.6305463314056396,1.781561255455017,0.8489850759506226,2.6305463314056396,0.0,4.0,1.0,2.0,0.0,2.0
2,1,greedy_delta,10.0,26.0,4.725224256515503,3.117098093032837,1.608126163482666,4.725224256515503,0.0,1.0,2.0,2.0,2.0,3.0
2,1,lookahead_delta,10.0,26.0,4.574805021286011,3.245712995529175,1.329092025756836,4.574805021286011,0.0,1.0,2.0,2.0,2.0,3.0
2,1,wms_planner,10.0,26.0,4.912974119186401,3.3423240184783936,1.5706501007080078,4.912974119186401,0.0,1.0,2.0,2.0,2.0,3.0
2,2,greedy_delta,13.0,29.0,5.934674263000488,4.393259525299072,1.541414737701416,5.934674263000488,0.0,8.0,1.0,0.0,1.0,3.0
2,2,lookahead_delta,13.0,29.0,6.1144020557403564,4.477747440338135,1.6366546154022217,6.1144020557403564,0.0,8.0,1.0,0.0,1.0,3.0
2,2,wms_planner,13.0,29.0,5.775962948799133,4.179501533508301,1.5964614152908325,5.775962948799133,0.0,8.0,1.0,0.0,1.0,3.0
2,3,greedy_delta,10.0,23.0,3.9821972846984863,2.714373826980591,1.2678234577178955,3.9821972846984863,0.0,5.0,1.0,1.0,1.0,2.0
2,3,lookahead_delta,10.0,23.0,3.9391177892684937,2.736581325531006,1.2025364637374878,3.9391177892684937,0.0,5.0,1.0,1.0,1.0,2.0
2,3,wms_planner,10.0,23.0,4.085687637329102,2.7396464347839355,1.346041202545166,4.085687637329102,0.0,5.0,1.0,1.0,1.0,2.0
2,4,greedy_delta,10.0,26.0,4.70906674861908,3.2716434001922607,1.4374233484268188,4.70906674861908,0.0,1.0,4.0,1.0,1.0,3.0
2,4,lookahead_delta,10.0,26.0,4.69290030002594,3.2712714672088623,1.4216288328170776,4.69290030002594,0.0,1.0,4.0,1.0,1.0,3.0
2,4,wms_planner,10.0,26.0,4.681760191917419,3.251908540725708,1.4298516511917114,4.681760191917419,0.0,1.0,4.0,1.0,1.0,3.0
2,5,greedy_delta,6.0,12.0,1.7736293077468872,0.9161927103996277,0.8574365973472595,1.7736293077468872,0.0,2.0,0.0,3.0,0.0,1.0
2,5,lookahead_delta,6.0,12.0,1.7039361596107483,0.8919193148612976,0.8120168447494507,1.7039361596107483,0.0,2.0,0.0,3.0,0.0,1.0
2,5,wms_planner,6.0,12.0,1.7716212272644043,0.9596043825149536,0.8120168447494507,1.7716212272644043,0.0,2.0,0.0,3.0,0.0,1.0
2,6,greedy_delta,10.0,27.0,6.966992735862732,5.3651123046875,1.601880431175232,6.966992735862732,0.0,2.0,7.0,0.0,0.0,1.0
2,6,lookahead_delta,10.0,27.0,6.7369643449783325,5.018167495727539,1.7187968492507935,6.7369643449783325,0.0,2.0,7.0,0.0,0.0,1.0
2,6,wms_planner,10.0,27.0,6.719221234321594,5.040097713470459,1.6791235208511353,6.719221234321594,0.0,2.0,7.0,0.0,0.0,1.0
2,7,greedy_delta,10.0,21.0,3.064366638660431,2.194406747817993,0.8699598908424377,3.064366638660431,0.0,5.0,1.0,0.0,0.0,4.0
2,7,lookahead_delta,10.0,21.0,2.9686474800109863,2.1166329383850098,0.8520145416259766,2.9686474800109863,0.0,5.0,1.0,0.0,0.0,4.0
2,7,wms_planner,10.0,21.0,3.1309706568717957,2.227857828140259,0.9031128287315369,3.1309706568717957,0.0,5.0,1.0,0.0,0.0,4.0
2,8,greedy_delta,8.0,21.0,3.1203616857528687,2.1243271827697754,0.9960345029830933,3.1203616857528687,0.0,3.0,3.0,0.0,1.0,1.0
2,8,lookahead_delta,8.0,21.0,3.1081197261810303,2.08298921585083,1.0251305103302002,3.1081197261810303,0.0,3.0,3.0,0.0,1.0,1.0
2,8,wms_planner,8.0,21.0,3.1800012588500977,2.0832841396331787,1.096717119216919,3.1800012588500977,0.0,3.0,3.0,0.0,1.0,1.0
2,9,greedy_delta,11.0,29.0,6.389788627624512,4.221011161804199,2.1687774658203125,6.389788627624512,0.0,2.0,1.0,0.0,3.0,5.0
2,9,lookahead_delta,11.0,29.0,6.3400726318359375,4.171295166015625,2.1687774658203125,6.3400726318359375,0.0,2.0,1.0,0.0,3.0,5.0
2,9,wms_planner,11.0,29.0,6.540250301361084,4.264312744140625,2.275937557220459,6.540250301361084,0.0,2.0,1.0,0.0,3.0,5.0
2,10,greedy_delta,10.0,26.0,5.25879430770874,3.332178831100464,1.9266154766082764,5.25879430770874,0.0,0.0,2.0,1.0,2.0,5.0
2,10,lookahead_delta,10.0,26.0,4.977162837982178,3.232083320617676,1.745079517364502,4.977162837982178,0.0,0.0,2.0,1.0,2.0,5.0
2,10,wms_planner,10.0,26.0,5.489863634109497,3.4165027141571045,2.0733609199523926,5.489863634109497,0.0,0.0,2.0,1.0,2.0,5.0
2,11,greedy_delta,9.0,19.0,3.0738466382026672,2.3310649394989014,0.7427816987037659,3.0738466382026672,0.0,6.0,1.0,1.0,0.0,1.0
2,11,lookahead_delta,9.0,19.0,3.0738466382026672,2.3310649394989014,0.7427816987037659,3.0738466382026672,0.0,6.0,1.0,1.0,0.0,1.0
2,11,wms_planner,9.0,19.0,3.085093915462494,2.3457326889038086,0.7393612265586853,3.085093915462494,0.0,6.0,1.0,1.0,0.0,1.0
2,12,greedy_delta,6.0,18.0,3.0780417919158936,1.8101017475128174,1.2679400444030762,3.0780417919158936,0.0,2.0,0.0,1.0,3.0,0.0
2,12,lookahead_delta,6.0,18.0,3.0179020166397095,1.891066551208496,1.1268354654312134,3.0179020166397095,0.0,2.0,0.0,1.0,3.0,0.0
2,12,wms_planner,6.0,18.0,3.144136905670166,1.9248552322387695,1.2192816734313965,3.144136905670166,0.0,2.0,0.0,1.0,3.0,0.0
2,13,greedy_delta,9.0,25.0,4.182866930961609,2.9562926292419434,1.2265743017196655,4.182866930961609,0.0,2.0,3.0,0.0,2.0,2.0
2,13,lookahead_delta,9.0,25.0,4.275902628898621,2.851100444793701,1.4248021841049194,4.275902628898621,0.0,2.0,3.0,0.0,2.0,2.0
2,13,wms_planner,9.0,25.0,4.427892565727234,3.076577663421631,1.351314902305603,4.427892565727234,0.0,2.0,3.0,0.0,2.0,2.0
2,14,greedy_delta,14.0,34.0,7.131415843963623,5.498900413513184,1.6325154304504395,7.131415843963623,0.0,5.0,4.0,1.0,1.0,3.0
2,14,lookahead_delta,14.0,34.0,7.09652316570282,5.432196617126465,1.664326548576355,7.09652316570282,0.0,5.0,4.0,1.0,1.0,3.0
2,14,wms_planner,14.0,34.0,7.899685859680176,5.884598731994629,2.015087127685547,7.899685859680176,0.0,5.0,4.0,1.0,1.0,3.0
2,15,greedy_delta,11.0,22.0,3.784004807472229,2.3855772018432617,1.3984276056289673,3.784004807472229,0.0,4.0,0.0,0.0,0.0,7.0
2,15,lookahead_delta,11.0,22.0,3.784004807472229,2.3855772018432617,1.3984276056289673,3.784004807472229,0.0,4.0,0.0,0.0,0.0,7.0
2,15,wms_planner,11.0,22.0,3.7854682207107544,2.387573480606079,1.3978947401046753,3.7854682207107544,0.0,4.0,0.0,0.0,0.0,7.0
2,16,greedy_delta,10.0,23.0,4.104593753814697,2.7813401222229004,1.3232536315917969,4.104593753814697,0.0,5.0,1.0,1.0,1.0,2.0
2,16,lookahead_delta,10.0,23.0,4.0032429695129395,2.783142328262329,1.2201006412506104,4.0032429695129395,0.0,5.0,1.0,1.0,1.0,2.0
2,16,wms_planner,10.0,23.0,3.9843376874923706,2.8023788928985596,1.181958794593811,3.9843376874923706,0.0,5.0,1.0,1.0,1.0,2.0
2,17,greedy_delta,8.0,19.0,3.018025755882263,1.9609196186065674,1.0571061372756958,3.018025755882263,0.0,2.0,3.0,2.0,0.0,1.0
2,17,lookahead_delta,8.0,19.0,2.996678590774536,1.934682846069336,1.0619957447052002,2.996678590774536,0.0,2.0,3.0,2.0,0.0,1.0
2,17,wms_planner,8.0,19.0,2.9126222133636475,1.8555160760879517,1.0571061372756958,2.9126222133636475,0.0,2.0,3.0,2.0,0.0,1.0
2,18,greedy_delta,9.0,19.0,3.000574469566345,2.108325958251953,0.8922485113143921,3.000574469566345,0.0,4.0,1.0,3.0,0.0,1.0
2,18,lookahead_delta,9.0,19.0,3.000574469566345,2.108325958251953,0.8922485113143921,3.000574469566345,0.0,4.0,1.0,3.0,0.0,1.0
2,18,wms_planner,9.0,19.0,2.995776653289795,2.1465930938720703,0.8491835594177246,2.995776653289795,0.0,4.0,1.0,3.0,0.0,1.0
2,19,greedy_delta,11.0,27.0,4.817126154899597,3.4418416023254395,1.3752845525741577,4.817126154899597,0.0,3.0,3.0,2.0,1.0,2.0
2,19,lookahead_delta,11.0,27.0,4.874456763267517,3.4724559783935547,1.4020007848739624,4.874456763267517,0.0,3.0,3.0,2.0,1.0,2.0
2,19,wms_planner,11.0,27.0,5.227276563644409,3.5350141525268555,1.6922624111175537,5.227276563644409,0.0,3.0,3.0,2.0,1.0,2.0
3,0,greedy_delta,10.0,23.0,3.6621036529541016,2.5989980697631836,1.063105583190918,3.6621036529541016,0.0,4.0,1.0,1.0,1.0,3.0
3,0,lookahead_delta,10.0,23.0,3.6621036529541016,2.5989980697631836,1.063105583190918,3.6621036529541016,0.0,4.0,1.0,1.0,1.0,3.0
3,0,wms_planner,10.0,23.0,3.6650787591934204,2.5293755531311035,1.135703206062317,3.6650787591934204,0.0,4.0,1.0,1.0,1.0,3.0
3,1,greedy_delta,9.0,20.0,2.9071271419525146,1.9373892545700073,0.9697378873825073,2.9071271419525146,0.0,3.0,2.0,2.0,0.0,2.0
3,1,lookahead_delta,9.0,20.0,2.890706419944763,1.9377557039260864,0.9529507160186768,2.890706419944763,0.0,3.0,2.0,2.0,0.0,2.0
3,1,wms_planner,9.0,20.0,2.8581570386886597,1.9566017389297485,0.9015552997589111,2.8581570386886597,0.0,3.0,2.0,2.0,0.0,2.0
3,2,greedy_delta,11.0,28.0,4.789289712905884,3.456035614013672,1.333254098892212,4.789289712905884,0.0,3.0,2.0,1.0,2.0,3.0
3,2,lookahead_delta,11.0,28.0,4.823822736740112,3.5607266426086426,1.2630960941314697,4.823822736740112,0.0,3.0,2.0,1.0,2.0,3.0
3,2,wms_planner,11.0,28.0,5.211177706718445,3.663102865219116,1.5480748414993286,5.211177706718445,0.0,3.0,2.0,1.0,2.0,3.0
3,3,greedy_delta,12.0,30.0,6.127596735954285,4.22152042388916,1.9060763120651245,6.127596735954285,0.0,1.0,2.0,3.0,2.0,4.0
3,3,lookahead_delta,12.0,30.0,6.127596735954285,4.22152042388916,1.9060763120651245,6.127596735954285,0.0,1.0,2.0,3.0,2.0,4.0
3,3,wms_planner,12.0,30.0,6.517191171646118,4.315793037414551,2.2013981342315674,6.517191171646118,0.0,1.0,2.0,3.0,2.0,4.0
3,4,greedy_delta,7.0,16.0,1.9561262130737305,1.2630798816680908,0.6930463314056396,1.9561262130737305,0.0,2.0,0.0,2.0,1.0,2.0
3,4,lookahead_delta,7.0,16.0,1.9561262130737305,1.2630798816680908,0.6930463314056396,1.9561262130737305,0.0,2.0,0.0,2.0,1.0,2.0
3,4,wms_planner,7.0,16.0,2.0629696249961853,1.2688281536102295,0.7941414713859558,2.0629696249961853,0.0,2.0,0.0,2.0,1.0,2.0
3,5,greedy_delta,9.0,22.0,3.226879358291626,2.261561870574951,0.9653174877166748,3.226879358291626,0.0,4.0,2.0,0.0,1.0,2.0
3,5,lookahead_delta,9.0,22.0,3.1946815252304077,2.2274246215820312,0.9672569036483765,3.1946815252304077,0.0,4.0,2.0,0.0,1.0,2.0
3,5,wms_planner,9.0,22.0,3.226879358291626,2.261561870574951,0.9653174877166748,3.226879358291626,0.0,4.0,2.0,0.0,1.0,2.0
3,6,greedy_delta,6.0,14.0,1.9896185994148254,1.23837149143219,0.7512471079826355,1.9896185994148254,0.0,3.0,2.0,1.0,0.0,0.0
3,6,lookahead_delta,6.0,14.0,1.9896185994148254,1.23837149143219,0.7512471079826355,1.9896185994148254,0.0,3.0,2.0,1.0,0.0,0.0
3,6,wms_planner,6.0,14.0,2.0057055354118347,1.2544584274291992,0.7512471079826355,2.0057055354118347,0.0,3.0,2.0,1.0,0.0,0.0
3,7,greedy_delta,8.0,21.0,2.856296420097351,2.020237684249878,0.8360587358474731,2.856296420097351,0.0,1.0,3.0,0.0,1.0,3.0
3,7,lookahead_delta,8.0,21.0,2.856296420097351,2.020237684249878,0.8360587358474731,2.856296420097351,0.0,1.0,3.0,0.0,1.0,3.0
3,7,wms_planner,8.0,21.0,2.8511741161346436,1.9848312139511108,0.8663429021835327,2.8511741161346436,0.0,1.0,3.0,0.0,1.0,3.0
3,8,greedy_delta,12.0,31.0,6.223122835159302,4.387138366699219,1.835984468460083,6.223122835159302,0.0,5.0,1.0,0.0,3.0,3.0
3,8,lookahead_delta,12.0,31.0,6.105496406555176,4.348216533660889,1.757279872894287,6.105496406555176,0.0,5.0,1.0,0.0,3.0,3.0
3,8,wms_planner,12.0,31.0,6.235228776931763,4.415607929229736,1.8196208477020264,6.235228776931763,0.0,5.0,1.0,0.0,3.0,3.0
3,9,greedy_delta,7.0,19.0,2.856372594833374,1.783083438873291,1.073289155960083,2.856372594833374,0.0,2.0,1.0,0.0,2.0,2.0
3,9,lookahead_delta,7.0,19.0,2.785531997680664,1.6561052799224854,1.1294267177581787,2.785531997680664,0.0,2.0,1.0,0.0,2.0,2.0
3,9,wms_planner,7.0,19.0,2.856372594833374,1.783083438873291,1.073289155960083,2.856372594833374,0.0,2.0,1.0,0.0,2.0,2.0
3,10,greedy_delta,15.0,39.0,10.284342527389526,6.994358062744141,3.2899844646453857,10.284342527389526,0.0,3.0,3.0,2.0,3.0,4.0
3,10,lookahead_delta,15.0,39.0,9.571583271026611,6.754281997680664,2.8173012733459473,9.571583271026611,0.0,3.0,3.0,2.0,3.0,4.0
3,10,wms_planner,15.0,39.0,10.297300100326538,7.022704124450684,3.2745959758758545,10.297300100326538,0.0,3.0,3.0,2.0,3.0,4.0
3,11,greedy_delta,9.0,23.0,3.6472569704055786,2.347182273864746,1.3000746965408325,3.6472569704055786,0.0,2.0,1.0,0.0,2.0,4.0
3,11,lookahead_delta,9.0,23.0,3.4335469007492065,2.2493438720703125,1.184203028678894,3.4335469007492065,0.0,2.0,1.0,0.0,2.0,4.0
3,11,wms_planner,9.0,23.0,3.7235753536224365,2.4658825397491455,1.257692813873291,3.7235753536224365,0.0,2.0,1.0,0.0,2.0,4.0
3,12,greedy_delta,11.0,30.0,6.153348922729492,4.633512496948242,1.51983642578125,6.153348922729492,0.0,5.0,0.0,1.0,4.0,1.0
3,12,lookahead_delta,11.0,30.0,6.309987664222717,4.642528533935547,1.6674591302871704,6.309987664222717,0.0,5.0,0.0,1.0,4.0,1.0
3,12,wms_planner,11.0,30.0,5.986516118049622,4.4686994552612305,1.5178166627883911,5.986516118049622,0.0,5.0,0.0,1.0,4.0,1.0
3,13,greedy_delta,9.0,20.0,3.2549996376037598,1.9979757070541382,1.2570239305496216,3.2549996376037598,0.0,2.0,2.0,3.0,0.0,2.0
3,13,lookahead_delta,9.0,20.0,3.192624568939209,2.01342511177063,1.179199457168579,3.192624568939209,0.0,2.0,2.0,3.0,0.0,2.0
3,13,wms_planner,9.0,20.0,3.360278844833374,2.1868350505828857,1.1734437942504883,3.360278844833374,0.0,2.0,2.0,3.0,0.0,2.0
3,14,greedy_delta,16.0,41.0,9.85751724243164,7.533754348754883,2.323762893676758,9.85751724243164,0.0,4.0,3.0,2.0,3.0,4.0
3,14,lookahead_delta,16.0,41.0,9.719485759735107,7.542069911956787,2.1774158477783203,9.719485759735107,0.0,4.0,3.0,2.0,3.0,4.0
3,14,wms_planner,16.0,41.0,9.833646059036255,7.588719367980957,2.244926691055298,9.833646059036255,0.0,4.0,3.0,2.0,3.0,4.0
3,15,greedy_delta,10.0,24.0,3.8562285900115967,2.5626938343048096,1.293534755706787,3.8562285900115967,0.0,4.0,0.0,0.0,2.0,4.0
3,15,lookahead_delta,10.0,24.0,3.8562285900115967,2.5626938343048096,1.293534755706787,3.8562285900115967,0.0,4.0,0.0,0.0,2.0,4.0
3,15,wms_planner,10.0,24.0,3.8563627004623413,2.5611705780029297,1.2951921224594116,3.8563627004623413,0.0,4.0,0.0,0.0,2.0,4.0
3,16,greedy_delta,3.0,8.0,0.881616860628128,0.5092244148254395,0.3723924458026886,0.881616860628128,0.0,2.0,0.0,0.0,1.0,0.0
3,16,lookahead_delta,3.0,8.0,0.881616860628128,0.5092244148254395,0.3723924458026886,0.881616860628128,0.0,2.0,0.0,0.0,1.0,0.0
3,16,wms_planner,3.0,8.0,0.8493786156177521,0.4752363860607147,0.37414222955703735,0.8493786156177521,0.0,2.0,0.0,0.0,1.0,0.0
3,17,greedy_delta,7.0,18.0,2.6437994241714478,1.7531976699829102,0.8906017541885376,2.6437994241714478,0.0,3.0,2.0,0.0,1.0,1.0
3,17,lookahead_delta,7.0,18.0,2.645353853702545,1.7561111450195312,0.8892427086830139,2.645353853702545,0.0,3.0,2.0,0.0,1.0,1.0
3,17,wms_planner,7.0,18.0,2.731779158115387,1.764377236366272,0.967401921749115,2.731779158115387,0.0,3.0,2.0,0.0,1.0,1.0
3,18,greedy_delta,8.0,25.0,4.755615949630737,3.215363025665283,1.540252923965454,4.755615949630737,0.0,2.0,1.0,0.0,4.0,1.0
3,18,lookahead_delta,8.0,25.0,4.783949851989746,3.21182918548584,1.5721206665039062,4.783949851989746,0.0,2.0,1.0,0.0,4.0,1.0
3,18,wms_planner,8.0,25.0,4.922277212142944,3.319511651992798,1.6027655601501465,4.922277212142944,0.0,2.0,1.0,0.0,4.0,1.0
3,19,greedy_delta,10.0,23.0,3.509594678878784,2.294290542602539,1.2153041362762451,3.509594678878784,0.0,2.0,1.0,1.0,1.0,5.0
3,19,lookahead_delta,10.0,23.0,3.4958207607269287,2.1868417263031006,1.3089790344238281,3.4958207607269287,0.0,2.0,1.0,1.0,1.0,5.0
3,19,wms_planner,10.0,23.0,3.440368890762329,2.303882598876953,1.136486291885376,3.440368890762329,0.0,2.0,1.0,1.0,1.0,5.0
4,0,greedy_delta,11.0,24.0,4.537943720817566,2.895312786102295,1.642630934715271,4.537943720817566,0.0,2.0,0.0,2.0,1.0,6.0
4,0,lookahead_delta,11.0,24.0,4.497827887535095,2.873652696609497,1.6241751909255981,4.497827887535095,0.0,2.0,0.0,2.0,1.0,6.0
4,0,wms_planner,11.0,24.0,4.550155520439148,2.8990261554718018,1.6511293649673462,4.550155520439148,0.0,2.0,0.0,2.0,1.0,6.0
4,1,greedy_delta,10.0,25.0,3.9866628646850586,2.7636454105377197,1.2230174541473389,3.9866628646850586,0.0,1.0,3.0,1.0,1.0,4.0
4,1,lookahead_delta,10.0,25.0,4.143413543701172,2.761552572250366,1.3818609714508057,4.143413543701172,0.0,1.0,3.0,1.0,1.0,4.0
4,1,wms_planner,10.0,25.0,4.798652648925781,3.118178606033325,1.680474042892456,4.798652648925781,0.0,1.0,3.0,1.0,1.0,4.0
4,2,greedy_delta,14.0,37.0,8.835402727127075,6.098720550537109,2.736682176589966,8.835402727127075,0.0,3.0,1.0,0.0,4.0,6.0
4,2,lookahead_delta,14.0,37.0,8.947553157806396,6.34243106842041,2.6051220893859863,8.947553157806396,0.0,3.0,1.0,0.0,4.0,6.0
4,2,wms_planner,14.0,37.0,8.994624614715576,6.2139763832092285,2.7806482315063477,8.994624614715576,0.0,3.0,1.0,0.0,4.0,6.0
4,3,greedy_delta,9.0,22.0,3.2319356203079224,2.144662380218506,1.0872732400894165,3.2319356203079224,0.0,4.0,0.0,0.0,2.0,3.0
4,3,lookahead_delta,9.0,22.0,3.2319356203079224,2.144662380218506,1.0872732400894165,3.2319356203079224,0.0,4.0,0.0,0.0,2.0,3.0
4,3,wms_planner,9.0,22.0,3.4608482122421265,2.2116689682006836,1.2491792440414429,3.4608482122421265,0.0,4.0,0.0,0.0,2.0,3.0
4,4,greedy_delta,6.0,14.0,1.5089530944824219,1.002507209777832,0.5064458847045898,1.5089530944824219,0.0,3.0,0.0,0.0,1.0,2.0
4,4,lookahead_delta,6.0,14.0,1.5089530944824219,1.002507209777832,0.5064458847045898,1.5089530944824219,0.0,3.0,0.0,0.0,1.0,2.0
4,4,wms_planner,6.0,14.0,1.5139543414115906,0.9357433319091797,0.5782110095024109,1.5139543414115906,0.0,3.0,0.0,0.0,1.0,2.0
4,5,greedy_delta,9.0,26.0,4.503198742866516,3.0264079570770264,1.4767907857894897,4.503198742866516,0.0,2.0,2.0,0.0,3.0,2.0
4,5,lookahead_delta,9.0,26.0,4.49578332901001,3.0279483795166016,1.4678349494934082,4.49578332901001,0.0,2.0,2.0,0.0,3.0,2.0
4,5,wms_planner,9.0,26.0,4.739789128303528,3.1954281330108643,1.5443609952926636,4.739789128303528,0.0,2.0,2.0,0.0,3.0,2.0
4,6,greedy_delta,8.0,22.0,3.492585301399231,2.208588123321533,1.2839971780776978,3.492585301399231,0.0,0.0,2.0,1.0,2.0,3.0
4,6,lookahead_delta,8.0,22.0,3.3928065299987793,2.2504379749298096,1.1423685550689697,3.3928065299987793,0.0,0.0,2.0,1.0,2.0,3.0
4,6,wms_planner,8.0,22.0,3.511135458946228,2.2305917739868164,1.2805436849594116,3.511135458946228,0.0,0.0,2.0,1.0,2.0,3.0
4,7,greedy_delta,6.0,17.0,2.382669150829315,1.5195233821868896,0.8631457686424255,2.382669150829315,0.0,1.0,1.0,2.0,2.0,0.0
4,7,lookahead_delta,6.0,17.0,2.270587921142578,1.5249478816986084,0.7456400394439697,2.270587921142578,0.0,1.0,1.0,2.0,2.0,0.0
4,7,wms_planner,6.0,17.0,2.41099214553833,1.518744945526123,0.892247200012207,2.41099214553833,0.0,1.0,1.0,2.0,2.0,0.0
4,8,greedy_delta,7.0,17.0,2.263023316860199,1.4333387613296509,0.8296845555305481,2.263023316860199,0.0,1.0,1.0,0.0,1.0,4.0
4,8,lookahead_delta,7.0,17.0,2.263023316860199,1.4333387613296509,0.8296845555305481,2.263023316860199,0.0,1.0,1.0,0.0,1.0,4.0
4,8,wms_planner,7.0,17.0,2.2671318650245667,1.3679355382919312,0.8991963267326355,2.2671318650245667,0.0,1.0,1.0,0.0,1.0,4.0
4,9,greedy_delta,10.0,24.0,4.12213408946991,2.748724937438965,1.3734091520309448,4.12213408946991,0.0,4.0,2.0,1.0,1.0,2.0
4,9,lookahead_delta,10.0,24.0,4.093361973762512,2.7734711170196533,1.3198908567428589,4.093361973762512,0.0,4.0,2.0,1.0,1.0,2.0
4,9,wms_planner,10.0,24.0,4.163920640945435,2.721259832382202,1.4426608085632324,4.163920640945435,0.0,4.0,2.0,1.0,1.0,2.0
4,10,greedy_delta,10.0,24.0,4.179548621177673,2.7265074253082275,1.4530411958694458,4.179548621177673,0.0,2.0,0.0,1.0,2.0,5.0
4,10,lookahead_delta,10.0,24.0,3.9057353734970093,2.761272668838501,1.1444627046585083,3.9057353734970093,0.0,2.0,0.0,1.0,2.0,5.0
4,10,wms_planner,10.0,24.0,4.402820944786072,2.850076198577881,1.552744746208191,4.402820944786072,0.0,2.0,0.0,1.0,2.0,5.0
4,11,greedy_delta,11.0,28.0,5.1549259424209595,3.470215082168579,1.6847108602523804,5.1549259424209595,0.0,1.0,2.0,2.0,2.0,4.0
4,11,lookahead_delta,11.0,28.0,5.030895709991455,3.570363998413086,1.4605317115783691,5.030895709991455,0.0,1.0,2.0,2.0,2.0,4.0
4,11,wms_planner,11.0,28.0,5.186381578445435,3.720996856689453,1.4653847217559814,5.186381578445435,0.0,1.0,2.0,2.0,2.0,4.0
4,12,greedy_delta,4.0,8.0,0.8537387847900391,0.41251540184020996,0.4412233829498291,0.8537387847900391,0.0,1.0,0.0,0.0,0.0,3.0
4,12,lookahead_delta,4.0,8.0,0.8078759610652924,0.41623467206954956,0.3916412889957428,0.8078759610652924,0.0,1.0,0.0,0.0,0.0,3.0
4,12,wms_planner,4.0,8.0,0.8078759610652924,0.41623467206954956,0.3916412889957428,0.8078759610652924,0.0,1.0,0.0,0.0,0.0,3.0
4,13,greedy_delta,9.0,25.0,4.738524436950684,3.049032688140869,1.6894917488098145,4.738524436950684,0.0,1.0,1.0,0.0,3.0,4.0
4,13,lookahead_delta,9.0,25.0,4.515323638916016,3.064513683319092,1.4508099555969238,4.515323638916016,0.0,1.0,1.0,0.0,3.0,4.0
4,13,wms_planner,9.0,25.0,4.73476505279541,3.045907974243164,1.688857078552246,4.73476505279541,0.0,1.0,1.0,0.0,3.0,4.0
4,14,greedy_delta,9.0,24.0,5.706412315368652,3.7642831802368164,1.942129135131836,5.706412315368652,0.0,0.0,0.0,3.0,3.0,3.0
4,14,lookahead_delta,9.0,24.0,5.475534915924072,3.603323459625244,1.8722114562988281,5.475534915924072,0.0,0.0,0.0,3.0,3.0,3.0
4,14,wms_planner,9.0,24.0,5.664197206497192,3.7677059173583984,1.896491289138794,5.664197206497192,0.0,0.0,0.0,3.0,3.0,3.0
4,15,greedy_delta,6.0,12.0,1.4601293802261353,0.7871200442314148,0.6730093359947205,1.4601293802261353,0.0,2.0,0.0,2.0,0.0,2.0
4,15,lookahead_delta,6.0,12.0,1.4601293802261353,0.7871200442314148,0.6730093359947205,1.4601293802261353,0.0,2.0,0.0,2.0,0.0,2.0
4,15,wms_planner,6.0,12.0,1.4071862697601318,0.7778010368347168,0.629385232925415,1.4071862697601318,0.0,2.0,0.0,2.0,0.0,2.0
4,16,greedy_delta,7.0,18.0,2.208516538143158,1.4458612203598022,0.7626553177833557,2.208516538143158,0.0,3.0,0.0,0.0,2.0,2.0
4,16,lookahead_delta,7.0,18.0,2.1736204028129578,1.5410311222076416,0.6325892806053162,2.1736204028129578,0.0,3.0,0.0,0.0,2.0,2.0
4,16,wms_planner,7.0,18.0,2.248902440071106,1.4486281871795654,0.8002742528915405,2.248902440071106,0.0,3.0,0.0,0.0,2.0,2.0
4,17,greedy_delta,9.0,27.0,6.510466575622559,4.374266147613525,2.136200428009033,6.510466575622559,0.0,0.0,1.0,2.0,4.0,2.0
4,17,lookahead_delta,9.0,27.0,6.509237289428711,4.371933460235596,2.1373038291931152,6.509237289428711,0.0,0.0,1.0,2.0,4.0,2.0
4,17,wms_planner,9.0,27.0,6.574173927307129,4.377608776092529,2.1965651512145996,6.574173927307129,0.0,0.0,1.0,2.0,4.0,2.0
4,18,greedy_delta,10.0,22.0,3.7526203393936157,2.4817638397216797,1.270856499671936,3.7526203393936157,0.0,3.0,0.0,2.0,1.0,4.0
4,18,lookahead_delta,10.0,22.0,3.7526203393936157,2.4817638397216797,1.270856499671936,3.7526203393936157,0.0,3.0,0.0,2.0,1.0,4.0
4,18,wms_planner,10.0,22.0,3.668764591217041,2.325793981552124,1.342970609664917,3.668764591217041,0.0,3.0,0.0,2.0,1.0,4.0
4,19,greedy_delta,10.0,24.0,4.057444453239441,2.580737829208374,1.476706624031067,4.057444453239441,0.0,1.0,2.0,0.0,1.0,6.0
4,19,lookahead_delta,10.0,24.0,4.475630402565002,3.0689923763275146,1.4066380262374878,4.475630402565002,0.0,1.0,2.0,0.0,1.0,6.0
4,19,wms_planner,10.0,24.0,4.469513773918152,3.0637705326080322,1.4057432413101196,4.469513773918152,0.0,1.0,2.0,0.0,1.0,6.0
5,0,greedy_delta,7.0,19.0,3.081889033317566,2.027621269226074,1.0542677640914917,3.081889033317566,0.0,1.0,1.0,2.0,2.0,1.0
5,0,lookahead_delta,7.0,19.0,3.0127220153808594,2.0076656341552734,1.005056381225586,3.0127220153808594,0.0,1.0,1.0,2.0,2.0,1.0
5,0,wms_planner,7.0,19.0,3.1998746395111084,2.0313210487365723,1.1685535907745361,3.1998746395111084,0.0,1.0,1.0,2.0,2.0,1.0
5,1,greedy_delta,9.0,21.0,3.3140453100204468,2.209937572479248,1.1041077375411987,3.3140453100204468,0.0,3.0,1.0,1.0,1.0,3.0
5,1,lookahead_delta,9.0,21.0,3.3140453100204468,2.209937572479248,1.1041077375411987,3.3140453100204468,0.0,3.0,1.0,1.0,1.0,3.0
5,1,wms_planner,9.0,21.0,3.323354482650757,2.1443049907684326,1.1790494918823242,3.323354482650757,0.0,3.0,1.0,1.0,1.0,3.0
5,2,greedy_delta,12.0,35.0,9.091606855392456,6.538384437561035,2.553222417831421,9.091606855392456,0.0,2.0,1.0,2.0,5.0,2.0
5,2,lookahead_delta,12.0,35.0,9.097298622131348,6.525393962860107,2.5719046592712402,9.097298622131348,0.0,2.0,1.0,2.0,5.0,2.0
5,2,wms_planner,12.0,35.0,9.310586929321289,6.615710258483887,2.6948766708374023,9.310586929321289,0.0,2.0,1.0,2.0,5.0,2.0
5,3,greedy_delta,12.0,33.0,7.370494246482849,5.403738021850586,1.9667562246322632,7.370494246482849,0.0,2.0,3.0,3.0,3.0,1.0
5,3,lookahead_delta,12.0,33.0,7.217265605926514,5.210697174072266,2.006568431854248,7.217265605926514,0.0,2.0,3.0,3.0,3.0,1.0
5,3,wms_planner,12.0,33.0,7.597661018371582,5.364264965057373,2.233396053314209,7.597661018371582,0.0,2.0,3.0,3.0,3.0,1.0
5,4,greedy_delta,7.0,18.0,3.0120216608047485,1.9014112949371338,1.1106103658676147,3.0120216608047485,0.0,1.0,0.0,1.0,2.0,3.0
5,4,lookahead_delta,7.0,18.0,3.0158339738845825,1.9125746488571167,1.1032593250274658,3.0158339738845825,0.0,1.0,0.0,1.0,2.0,3.0
5,4,wms_planner,7.0,18.0,3.0165481567382812,1.913086175918579,1.1034619808197021,3.0165481567382812,0.0,1.0,0.0,1.0,2.0,3.0
5,5,greedy_delta,11.0,32.0,7.087475776672363,5.055058479309082,2.0324172973632812,7.087475776672363,0.0,4.0,2.0,0.0,4.0,1.0
5,5,lookahead_delta,11.0,32.0,6.733444094657898,4.841739654541016,1.8917044401168823,6.733444094657898,0.0,4.0,2.0,0.0,4.0,1.0
5,5,wms_planner,11.0,32.0,7.1772847175598145,5.0560197830200195,2.121264934539795,7.1772847175598145,0.0,4.0,2.0,0.0,4.0,1.0
5,6,greedy_delta,13.0,36.0,8.810842037200928,6.369309425354004,2.441532611846924,8.810842037200928,0.0,4.0,2.0,2.0,4.0,1.0
5,6,lookahead_delta,13.0,36.0,8.61635947227478,6.318991661071777,2.297367811203003,8.61635947227478,0.0,4.0,2.0,2.0,4.0,1.0
5,6,wms_planner,13.0,36.0,9.201607942581177,6.7296223640441895,2.4719855785369873,9.201607942581177,0.0,4.0,2.0,2.0,4.0,1.0
5,7,greedy_delta,13.0,33.0,8.136403799057007,5.421689033508301,2.714714765548706,8.136403799057007,0.0,1.0,1.0,4.0,3.0,4.0
5,7,lookahead_delta,13.0,33.0,7.855999708175659,5.716067314147949,2.13993239402771,7.855999708175659,0.0,1.0,1.0,4.0,3.0,4.0
5,7,wms_planner,13.0,33.0,8.091322898864746,5.7392168045043945,2.3521060943603516,8.091322898864746,0.0,1.0,1.0,4.0,3.0,4.0
5,8,greedy_delta,13.0,34.0,8.343297481536865,5.707573890686035,2.63572359085083,8.343297481536865,0.0,2.0,0.0,1.0,4.0,6.0
5,8,lookahead_delta,13.0,34.0,8.329076051712036,5.903353691101074,2.425722360610962,8.329076051712036,0.0,2.0,0.0,1.0,4.0,6.0
5,8,wms_planner,13.0,34.0,8.687373876571655,6.05185604095459,2.6355178356170654,8.687373876571655,0.0,2.0,0.0,1.0,4.0,6.0
5,9,greedy_delta,3.0,8.0,0.9314785003662109,0.572162926197052,0.35931557416915894,0.9314785003662109,0.0,1.0,2.0,0.0,0.0,0.0
5,9,lookahead_delta,3.0,8.0,0.9314785003662109,0.572162926197052,0.35931557416915894,0.9314785003662109,0.0,1.0,2.0,0.0,0.0,0.0
5,9,wms_planner,3.0,8.0,0.9391654133796692,0.5474535822868347,0.3917118310928345,0.9391654133796692,0.0,1.0,2.0,0.0,0.0,0.0
5,10,greedy_delta,11.0,31.0,5.9386972188949585,4.329249858856201,1.6094473600387573,5.9386972188949585,0.0,2.0,3.0,1.0,3.0,2.0
5,10,lookahead_delta,11.0,31.0,6.116326808929443,4.323587417602539,1.7927393913269043,6.116326808929443,0.0,2.0,3.0,1.0,3.0,2.0
5,10,wms_planner,11.0,31.0,6.059579610824585,4.408510684967041,1.651068925857544,6.059579610824585,0.0,2.0,3.0,1.0,3.0,2.0
5,11,greedy_delta,13.0,34.0,7.6401450634002686,5.649628639221191,1.9905164241790771,7.6401450634002686,0.0,3.0,2.0,2.0,3.0,3.0
5,11,lookahead_delta,13.0,34.0,7.193397760391235,5.322673797607422,1.8707239627838135,7.193397760391235,0.0,3.0,2.0,2.0,3.0,3.0
5,11,wms_planner,13.0,34.0,7.547935247421265,5.526584148406982,2.0213510990142822,7.547935247421265,0.0,3.0,2.0,2.0,3.0,3.0
5,12,greedy_delta,12.0,34.0,7.476700305938721,5.7302141189575195,1.7464861869812012,7.476700305938721,0.0,3.0,2.0,2.0,4.0,1.0
5,12,lookahead_delta,12.0,34.0,7.480557799339294,5.692861557006836,1.7876962423324585,7.480557799339294,0.0,3.0,2.0,2.0,4.0,1.0
5,12,wms_planner,12.0,34.0,7.358804941177368,5.611557960510254,1.7472469806671143,7.358804941177368,0.0,3.0,2.0,2.0,4.0,1.0
5,13,greedy_delta,14.0,36.0,9.144936561584473,6.640137672424316,2.5047988891601562,9.144936561584473,0.0,4.0,2.0,4.0,3.0,1.0
5,13,lookahead_delta,14.0,36.0,8.563950061798096,6.306472301483154,2.2574777603149414,8.563950061798096,0.0,4.0,2.0,4.0,3.0,1.0
5,13,wms_planner,14.0,36.0,8.772465705871582,6.193849563598633,2.578616142272949,8.772465705871582,0.0,4.0,2.0,4.0,3.0,1.0
5,14,greedy_delta,3.0,9.0,1.0977303981781006,0.5121854543685913,0.5855449438095093,1.0977303981781006,0.0,0.0,1.0,1.0,1.0,0.0
5,14,lookahead_delta,3.0,9.0,1.0977303981781006,0.5121854543685913,0.5855449438095093,1.0977303981781006,0.0,0.0,1.0,1.0,1.0,0.0
5,14,wms_planner,3.0,9.0,1.1058179438114166,0.4466302692890167,0.6591876745223999,1.1058179438114166,0.0,0.0,1.0,1.0,1.0,0.0
5,15,greedy_delta,8.0,22.0,4.029945731163025,2.4387006759643555,1.5912450551986694,4.029945731163025,0.0,0.0,4.0,2.0,1.0,1.0
5,15,lookahead_delta,8.0,22.0,3.640008568763733,2.3513121604919434,1.2886964082717896,3.640008568763733,0.0,0.0,4.0,2.0,1.0,1.0
5,15,wms_planner,8.0,22.0,4.089176654815674,2.4831037521362305,1.6060729026794434,4.089176654815674,0.0,0.0,4.0,2.0,1.0,1.0
5,16,greedy_delta,13.0,33.0,6.784820318222046,5.059805393218994,1.7250149250030518,6.784820318222046,0.0,3.0,1.0,2.0,3.0,4.0
5,16,lookahead_delta,13.0,33.0,6.784820318222046,5.059805393218994,1.7250149250030518,6.784820318222046,0.0,3.0,1.0,2.0,3.0,4.0
5,16,wms_planner,13.0,33.0,7.1000566482543945,4.9742841720581055,2.125772476196289,7.1000566482543945,0.0,3.0,1.0,2.0,3.0,4.0
5,17,greedy_delta,13.0,34.0,7.3009209632873535,5.222190856933594,2.0787301063537598,7.3009209632873535,0.0,3.0,2.0,1.0,3.0,4.0
5,17,lookahead_delta,13.0,34.0,7.219993591308594,5.257299423217773,1.9626941680908203,7.219993591308594,0.0,3.0,2.0,1.0,3.0,4.0
5,17,wms_planner,13.0,34.0,7.465783715248108,5.536565780639648,1.9292179346084595,7.465783715248108,0.0,3.0,2.0,1.0,3.0,4.0
5,18,greedy_delta,9.0,25.0,5.4088051319122314,3.4146413803100586,1.9941637516021729,5.4088051319122314,0.0,0.0,1.0,3.0,3.0,2.0
5,18,lookahead_delta,9.0,25.0,4.990796446800232,3.1524651050567627,1.8383313417434692,4.990796446800232,0.0,0.0,1.0,3.0,3.0,2.0
5,18,wms_planner,9.0,25.0,5.409698009490967,3.19980525970459,2.209892749786377,5.409698009490967,0.0,0.0,1.0,3.0,3.0,2.0
5,19,greedy_delta,13.0,40.0,10.736265420913696,7.9921464920043945,2.7441189289093018,10.736265420913696,0.0,3.0,2.0,1.0,6.0,1.0
5,19,lookahead_delta,13.0,40.0,10.736265420913696,7.9921464920043945,2.7441189289093018,10.736265420913696,0.0,3.0,2.0,1.0,6.0,1.0
5,19,wms_planner,13.0,40.0,11.102653503417969,8.306502342224121,2.7961511611938477,11.102653503417969,0.0,3.0,2.0,1.0,6.0,1.0
6,0,greedy_delta,10.0,25.0,5.033418893814087,3.3521265983581543,1.6812922954559326,5.033418893814087,0.0,1.0,1.0,4.0,2.0,2.0
6,0,lookahead_delta,10.0,25.0,4.749577164649963,3.3845367431640625,1.3650404214859009,4.749577164649963,0.0,1.0,1.0,4.0,2.0,2.0
6,0,wms_planner,10.0,25.0,5.11484694480896,3.41927433013916,1.6955726146697998,5.11484694480896,0.0,1.0,1.0,4.0,2.0,2.0
6,1,greedy_delta,6.0,16.0,2.270760476589203,1.5230365991592407,0.7477238774299622,2.270760476589203,0.0,2.0,2.0,1.0,1.0,0.0
6,1,lookahead_delta,6.0,16.0,2.1497499346733093,1.3966323137283325,0.7531176209449768,2.1497499346733093,0.0,2.0,2.0,1.0,1.0,0.0
6,1,wms_planner,6.0,16.0,2.062084436416626,1.308966875076294,0.753117561340332,2.062084436416626,0.0,2.0,2.0,1.0,1.0,0.0
6,2,greedy_delta,12.0,33.0,7.74127459526062,5.702693462371826,2.038581132888794,7.74127459526062,0.0,1.0,3.0,5.0,3.0,0.0
6,2,lookahead_delta,12.0,33.0,7.66835355758667,5.549940586090088,2.118412971496582,7.66835355758667,0.0,1.0,3.0,5.0,3.0,0.0
6,2,wms_planner,12.0,33.0,8.010483264923096,5.725887298583984,2.2845959663391113,8.010483264923096,0.0,1.0,3.0,5.0,3.0,0.0
6,3,greedy_delta,9.0,21.0,3.3939656019210815,2.140052080154419,1.2539135217666626,3.3939656019210815,0.0,2.0,1.0,2.0,1.0,3.0
6,3,lookahead_delta,9.0,21.0,3.3939656019210815,2.140052080154419,1.2539135217666626,3.3939656019210815,0.0,2.0,1.0,2.0,1.0,3.0
6,3,wms_planner,9.0,21.0,3.411553382873535,2.294647216796875,1.1169061660766602,3.411553382873535,0.0,2.0,1.0,2.0,1.0,3.0
6,4,greedy_delta,11.0,31.0,6.982094049453735,4.725119113922119,2.256974935531616,6.982094049453735,0.0,0.0,3.0,2.0,3.0,3.0
6,4,lookahead_delta,11.0,31.0,6.982094049453735,4.725119113922119,2.256974935531616,6.982094049453735,0.0,0.0,3.0,2.0,3.0,3.0
6,4,wms_planner,11.0,31.0,7.276597261428833,4.862874984741211,2.413722276687622,7.276597261428833,0.0,0.0,3.0,2.0,3.0,3.0
6,5,greedy_delta,13.0,34.0,7.636602401733398,5.455352306365967,2.1812500953674316,7.636602401733398,0.0,3.0,2.0,3.0,3.0,2.0
6,5,lookahead_delta,13.0,34.0,7.636602401733398,5.455352306365967,2.1812500953674316,7.636602401733398,0.0,3.0,2.0,3.0,3.0,2.0
6,5,wms_planner,13.0,34.0,7.88685154914856,5.591711044311523,2.295140504837036,7.88685154914856,0.0,3.0,2.0,3.0,3.0,2.0
6,6,greedy_delta,16.0,38.0,9.720856189727783,6.60624885559082,3.114607334136963,9.720856189727783,0.0,1.0,4.0,4.0,1.0,6.0
6,6,lookahead_delta,16.0,38.0,9.249412775039673,6.360713958740234,2.8886988162994385,9.249412775039673,0.0,1.0,4.0,4.0,1.0,6.0
6,6,wms_planner,16.0,38.0,9.338263988494873,6.505915641784668,2.832348346710205,9.338263988494873,0.0,1.0,4.0,4.0,1.0,6.0
6,7,greedy_delta,18.0,44.0,13.308457612991333,9.798381805419922,3.510075807571411,13.308457612991333,0.0,2.0,2.0,7.0,3.0,4.0
6,7,lookahead_delta,18.0,44.0,13.298017978668213,9.610631942749023,3.6873860359191895,13.298017978668213,0.0,2.0,2.0,7.0,3.0,4.0
6,7,wms_planner,18.0,44.0,13.758803367614746,9.589323043823242,4.169480323791504,13.758803367614746,0.0,2.0,2.0,7.0,3.0,4.0
6,8,greedy_delta,15.0,34.0,8.030951976776123,5.829000949859619,2.201951026916504,8.030951976776123,0.0,3.0,4.0,5.0,0.0,3.0
6,8,lookahead_delta,15.0,34.0,8.030951976776123,5.829000949859619,2.201951026916504,8.030951976776123,0.0,3.0,4.0,5.0,0.0,3.0
6,8,wms_planner,15.0,34.0,8.393471002578735,6.020811080932617,2.372659921646118,8.393471002578735,0.0,3.0,4.0,5.0,0.0,3.0
6,9,greedy_delta,11.0,31.0,7.7005698680877686,5.383511543273926,2.3170583248138428,7.7005698680877686,0.0,2.0,1.0,3.0,4.0,1.0
6,9,lookahead_delta,11.0,31.0,7.568138599395752,5.384129524230957,2.184009075164795,7.568138599395752,0.0,2.0,1.0,3.0,4.0,1.0
6,9,wms_planner,11.0,31.0,7.791548252105713,5.382499694824219,2.409048557281494,7.791548252105713,0.0,2.0,1.0,3.0,4.0,1.0
6,10,greedy_delta,11.0,34.0,8.252145290374756,5.7932305335998535,2.4589147567749023,8.252145290374756,0.0,0.0,4.0,2.0,4.0,1.0
6,10,lookahead_delta,11.0,34.0,8.49504280090332,5.997165679931641,2.4978771209716797,8.49504280090332,0.0,0.0,4.0,2.0,4.0,1.0
6,10,wms_planner,11.0,34.0,8.376771450042725,6.080761909484863,2.2960095405578613,8.376771450042725,0.0,0.0,4.0,2.0,4.0,1.0
6,11,greedy_delta,11.0,29.0,6.56562614440918,4.206238746643066,2.3593873977661133,6.56562614440918,0.0,1.0,1.0,3.0,3.0,3.0
6,11,lookahead_delta,11.0,29.0,6.0807044506073,4.19661808013916,1.8840863704681396,6.0807044506073,0.0,1.0,1.0,3.0,3.0,3.0
6,11,wms_planner,11.0,29.0,6.562021255493164,4.20610237121582,2.3559188842773438,6.562021255493164,0.0,1.0,1.0,3.0,3.0,3.0
6,12,greedy_delta,8.0,17.0,2.538187265396118,1.4760814905166626,1.0621057748794556,2.538187265396118,0.0,1.0,1.0,3.0,0.0,3.0
6,12,lookahead_delta,8.0,17.0,2.538187265396118,1.4760814905166626,1.0621057748794556,2.538187265396118,0.0,1.0,1.0,3.0,0.0,3.0
6,12,wms_planner,8.0,17.0,2.720869302749634,1.6549105644226074,1.0659587383270264,2.720869302749634,0.0,1.0,1.0,3.0,0.0,3.0
6,13,greedy_delta,13.0,38.0,10.363781690597534,7.6721882820129395,2.6915934085845947,10.363781690597534,0.0,1.0,4.0,3.0,4.0,1.0
6,13,lookahead_delta,13.0,38.0,10.20921015739441,7.445929527282715,2.7632806301116943,10.20921015739441,0.0,1.0,4.0,3.0,4.0,1.0
6,13,wms_planner,13.0,38.0,10.837272882461548,7.842194080352783,2.9950788021087646,10.837272882461548,0.0,1.0,4.0,3.0,4.0,1.0
6,14,greedy_delta,9.0,25.0,4.764860272407532,3.14155912399292,1.6233011484146118,4.764860272407532,0.0,1.0,1.0,2.0,3.0,2.0
6,14,lookahead_delta,9.0,25.0,5.101029634475708,3.410635471343994,1.6903941631317139,5.101029634475708,0.0,1.0,1.0,2.0,3.0,2.0
6,14,wms_planner,9.0,25.0,4.828301191329956,3.2078733444213867,1.6204278469085693,4.828301191329956,0.0,1.0,1.0,2.0,3.0,2.0
6,15,greedy_delta,6.0,14.0,1.8518440127372742,1.1632097959518433,0.6886342167854309,1.8518440127372742,0.0,1.0,0.0,2.0,1.0,2.0
6,15,lookahead_delta,6.0,14.0,1.8518440127372742,1.1632097959518433,0.6886342167854309,1.8518440127372742,0.0,1.0,0.0,2.0,1.0,2.0
6,15,wms_planner,6.0,14.0,1.7670027017593384,1.0734999179840088,0.6935027837753296,1.7670027017593384,0.0,1.0,0.0,2.0,1.0,2.0
6,16,greedy_delta,9.0,25.0,5.027963042259216,3.1785359382629395,1.8494271039962769,5.027963042259216,0.0,0.0,3.0,3.0,2.0,1.0
6,16,lookahead_delta,9.0,25.0,4.760640621185303,3.1319878101348877,1.628652811050415,4.760640621185303,0.0,0.0,3.0,3.0,2.0,1.0
6,16,wms_planner,9.0,25.0,4.825918436050415,3.2017478942871094,1.6241705417633057,4.825918436050415,0.0,0.0,3.0,3.0,2.0,1.0
6,17,greedy_delta,11.0,34.0,8.520252227783203,6.126431465148926,2.3938207626342773,8.520252227783203,0.0,1.0,2.0,0.0,5.0,3.0
6,17,lookahead_delta,11.0,34.0,8.371827840805054,6.008782863616943,2.3630449771881104,8.371827840805054,0.0,1.0,2.0,0.0,5.0,3.0
6,17,wms_planner,11.0,34.0,8.723430633544922,6.089166641235352,2.6342639923095703,8.723430633544922,0.0,1.0,2.0,0.0,5.0,3.0
6,18,greedy_delta,6.0,15.0,1.8559526801109314,1.140442132949829,0.7155105471611023,1.8559526801109314,0.0,2.0,1.0,1.0,1.0,1.0
6,18,lookahead_delta,6.0,15.0,1.848279595375061,1.1235581636428833,0.7247214317321777,1.848279595375061,0.0,2.0,1.0,1.0,1.0,1.0
6,18,wms_planner,6.0,15.0,1.8415024280548096,1.1089425086975098,0.7325599193572998,1.8415024280548096,0.0,2.0,1.0,1.0,1.0,1.0
6,19,greedy_delta,13.0,37.0,9.14727258682251,6.440611839294434,2.706660747528076,9.14727258682251,0.0,1.0,3.0,0.0,4.0,5.0
6,19,lookahead_delta,13.0,37.0,9.14009428024292,6.424434661865234,2.7156596183776855,9.14009428024292,0.0,1.0,3.0,0.0,4.0,5.0
6,19,wms_planner,13.0,37.0,9.101049661636353,6.438526630401611,2.662523031234741,9.101049661636353,0.0,1.0,3.0,0.0,4.0,5.0
7,0,greedy_delta,15.0,40.0,10.349949359893799,7.523068428039551,2.826880931854248,10.349949359893799,0.0,1.0,6.0,3.0,2.0,3.0
7,0,lookahead_delta,15.0,40.0,10.374831438064575,7.457459449768066,2.917371988296509,10.374831438064575,0.0,1.0,6.0,3.0,2.0,3.0
7,0,wms_planner,15.0,40.0,10.497220039367676,7.514644622802734,2.9825754165649414,10.497220039367676,0.0,1.0,6.0,3.0,2.0,3.0
7,1,greedy_delta,8.0,18.0,2.2777445316314697,1.4318283796310425,0.8459161520004272,2.2777445316314697,0.0,2.0,2.0,1.0,0.0,3.0
7,1,lookahead_delta,8.0,18.0,2.2933441400527954,1.4319698810577393,0.8613742589950562,2.2933441400527954,0.0,2.0,2.0,1.0,0.0,3.0
7,1,wms_planner,8.0,18.0,2.4421544075012207,1.61764657497406,0.8245078325271606,2.4421544075012207,0.0,2.0,2.0,1.0,0.0,3.0
7,2,greedy_delta,8.0,20.0,2.9922068119049072,2.2548837661743164,0.7373230457305908,2.9922068119049072,0.0,4.0,2.0,1.0,1.0,0.0
7,2,lookahead_delta,8.0,20.0,2.9922068119049072,2.2548837661743164,0.7373230457305908,2.9922068119049072,0.0,4.0,2.0,1.0,1.0,0.0
7,2,wms_planner,8.0,20.0,2.817937970161438,2.057023048400879,0.7609149217605591,2.817937970161438,0.0,4.0,2.0,1.0,1.0,0.0
7,3,greedy_delta,6.0,15.0,1.7416297793388367,1.1389421224594116,0.602687656879425,1.7416297793388367,0.0,2.0,1.0,1.0,1.0,1.0
7,3,lookahead_delta,6.0,15.0,1.8054280281066895,1.1188157796859741,0.6866122484207153,1.8054280281066895,0.0,2.0,1.0,1.0,1.0,1.0
7,3,wms_planner,6.0,15.0,1.7654078006744385,1.1022454500198364,0.663162350654602,1.7654078006744385,0.0,2.0,1.0,1.0,1.0,1.0
7,4,greedy_delta,9.0,20.0,4.752577543258667,2.6619975566864014,2.0905799865722656,4.752577543258667,0.0,1.0,2.0,6.0,0.0,0.0
7,4,lookahead_delta,9.0,20.0,4.752577543258667,2.6619975566864014,2.0905799865722656,4.752577543258667,0.0,1.0,2.0,6.0,0.0,0.0
7,4,wms_planner,9.0,20.0,5.292090177536011,2.7179951667785645,2.5740950107574463,5.292090177536011,0.0,1.0,2.0,6.0,0.0,0.0
7,5,greedy_delta,12.0,34.0,8.338740587234497,5.7613606452941895,2.5773799419403076,8.338740587234497,0.0,0.0,6.0,2.0,2.0,2.0
7,5,lookahead_delta,12.0,34.0,7.646322250366211,5.5724358558654785,2.0738863945007324,7.646322250366211,0.0,0.0,6.0,2.0,2.0,2.0
7,5,wms_planner,12.0,34.0,8.527579307556152,5.973993301391602,2.553586006164551,8.527579307556152,0.0,0.0,6.0,2.0,2.0,2.0
7,6,greedy_delta,12.0,33.0,6.780234098434448,5.1318888664245605,1.6483452320098877,6.780234098434448,0.0,2.0,5.0,2.0,2.0,1.0
7,6,lookahead_delta,12.0,33.0,6.859378933906555,5.20493745803833,1.654441475868225,6.859378933906555,0.0,2.0,5.0,2.0,2.0,1.0
7,6,wms_planner,12.0,33.0,7.425372362136841,5.544196128845215,1.881176233291626,7.425372362136841,0.0,2.0,5.0,2.0,2.0,1.0
7,7,greedy_delta,15.0,39.0,9.740728378295898,7.3521318435668945,2.388596534729004,9.740728378295898,0.0,4.0,3.0,3.0,3.0,2.0
7,7,lookahead_delta,15.0,39.0,9.865007162094116,7.38716459274292,2.4778425693511963,9.865007162094116,0.0,4.0,3.0,3.0,3.0,2.0
7,7,wms_planner,15.0,39.0,9.956290245056152,7.1154465675354,2.840843677520752,9.956290245056152,0.0,4.0,3.0,3.0,3.0,2.0
7,8,greedy_delta,11.0,28.0,6.23187530040741,4.40097713470459,1.8308981657028198,6.23187530040741,0.0,1.0,2.0,4.0,2.0,2.0
7,8,lookahead_delta,11.0,28.0,5.633675575256348,3.821929693222046,1.8117458820343018,5.633675575256348,0.0,1.0,2.0,4.0,2.0,2.0
7,8,wms_planner,11.0,28.0,6.086998462677002,4.028824329376221,2.0581741333007812,6.086998462677002,0.0,1.0,2.0,4.0,2.0,2.0
7,9,greedy_delta,5.0,10.0,1.0966178178787231,0.6075913906097412,0.48902642726898193,1.0966178178787231,0.0,1.0,0.0,2.0,0.0,2.0
7,9,lookahead_delta,5.0,10.0,1.0966178178787231,0.6075913906097412,0.48902642726898193,1.0966178178787231,0.0,1.0,0.0,2.0,0.0,2.0
7,9,wms_planner,5.0,10.0,1.1412672996520996,0.6066436171531677,0.5346236824989319,1.1412672996520996,0.0,1.0,0.0,2.0,0.0,2.0
7,10,greedy_delta,11.0,27.0,4.662604928016663,3.3589894771575928,1.3036154508590698,4.662604928016663,0.0,3.0,1.0,2.0,2.0,3.0
7,10,lookahead_delta,11.0,27.0,4.662604928016663,3.3589894771575928,1.3036154508590698,4.662604928016663,0.0,3.0,1.0,2.0,2.0,3.0
7,10,wms_planner,11.0,27.0,5.096358776092529,3.506477117538452,1.5898816585540771,5.096358776092529,0.0,3.0,1.0,2.0,2.0,3.0
7,11,greedy_delta,13.0,35.0,8.40206003189087,6.140556335449219,2.2615036964416504,8.40206003189087,0.0,3.0,3.0,4.0,3.0,0.0
7,11,lookahead_delta,13.0,35.0,8.265860795974731,5.980942249298096,2.2849185466766357,8.265860795974731,0.0,3.0,3.0,4.0,3.0,0.0
7,11,wms_planner,13.0,35.0,8.571117401123047,6.108612060546875,2.462505340576172,8.571117401123047,0.0,3.0,3.0,4.0,3.0,0.0
7,12,greedy_delta,8.0,24.0,4.125033259391785,2.9424564838409424,1.1825767755508423,4.125033259391785,0.0,1.0,4.0,1.0,2.0,0.0
7,12,lookahead_delta,8.0,24.0,4.115053296089172,2.9351155757904053,1.179937720298767,4.115053296089172,0.0,1.0,4.0,1.0,2.0,0.0
7,12,wms_planner,8.0,24.0,4.1361613273620605,2.9087672233581543,1.2273941040039062,4.1361613273620605,0.0,1.0,4.0,1.0,2.0,0.0
7,13,greedy_delta,16.0,42.0,11.398591041564941,8.530455589294434,2.868135452270508,11.398591041564941,0.0,2.0,4.0,3.0,3.0,4.0
7,13,lookahead_delta,16.0,42.0,10.807968378067017,8.378396987915039,2.4295713901519775,10.807968378067017,0.0,2.0,4.0,3.0,3.0,4.0
7,13,wms_planner,16.0,42.0,11.4471595287323,8.351165771484375,3.095993757247925,11.4471595287323,0.0,2.0,4.0,3.0,3.0,4.0
7,14,greedy_delta,7.0,19.0,3.3212133049964905,2.444912910461426,0.8763003945350647,3.3212133049964905,0.0,1.0,5.0,1.0,0.0,0.0
7,14,lookahead_delta,7.0,19.0,3.452673077583313,2.451403856277466,1.0012692213058472,3.452673077583313,0.0,1.0,5.0,1.0,0.0,0.0
7,14,wms_planner,7.0,19.0,3.6792025566101074,2.6378870010375977,1.0413155555725098,3.6792025566101074,0.0,1.0,5.0,1.0,0.0,0.0
7,15,greedy_delta,12.0,30.0,6.654155254364014,4.625506401062012,2.028648853302002,6.654155254364014,0.0,2.0,2.0,5.0,2.0,1.0
7,15,lookahead_delta,12.0,30.0,6.519739508628845,4.710348129272461,1.8093913793563843,6.519739508628845,0.0,2.0,2.0,5.0,2.0,1.0
7,15,wms_planner,12.0,30.0,6.9508726596832275,4.7242326736450195,2.226639986038208,6.9508726596832275,0.0,2.0,2.0,5.0,2.0,1.0
7,16,greedy_delta,11.0,30.0,6.6226606369018555,4.580475807189941,2.042184829711914,6.6226606369018555,0.0,1.0,2.0,3.0,3.0,2.0
7,16,lookahead_delta,11.0,30.0,6.450503468513489,4.486179351806641,1.9643241167068481,6.450503468513489,0.0,1.0,2.0,3.0,3.0,2.0
7,16,wms_planner,11.0,30.0,6.351206660270691,4.444086074829102,1.9071205854415894,6.351206660270691,0.0,1.0,2.0,3.0,3.0,2.0
7,17,greedy_delta,8.0,22.0,3.817953586578369,2.441154956817627,1.3767986297607422,3.817953586578369,0.0,0.0,4.0,2.0,1.0,1.0
7,17,lookahead_delta,8.0,22.0,3.817953586578369,2.441154956817627,1.3767986297607422,3.817953586578369,0.0,0.0,4.0,2.0,1.0,1.0
7,17,wms_planner,8.0,22.0,3.6710240840911865,2.4229302406311035,1.248093843460083,3.6710240840911865,0.0,0.0,4.0,2.0,1.0,1.0
7,18,greedy_delta,8.0,20.0,3.456977128982544,2.4490907192230225,1.0078864097595215,3.456977128982544,0.0,1.0,4.0,3.0,0.0,0.0
7,18,lookahead_delta,8.0,20.0,3.329323410987854,2.448005437850952,0.8813179731369019,3.329323410987854,0.0,1.0,4.0,3.0,0.0,0.0
7,18,wms_planner,8.0,20.0,3.41667503118515,2.430187702178955,0.9864873290061951,3.41667503118515,0.0,1.0,4.0,3.0,0.0,0.0
7,19,greedy_delta,9.0,18.0,3.172675848007202,2.2322230339050293,0.9404528141021729,3.172675848007202,0.0,5.0,0.0,3.0,0.0,1.0
7,19,lookahead_delta,9.0,18.0,3.172675848007202,2.2322230339050293,0.9404528141021729,3.172675848007202,0.0,5.0,0.0,3.0,0.0,1.0
7,19,wms_planner,9.0,18.0,3.254790782928467,2.272700309753418,0.9820904731750488,3.254790782928467,0.0,5.0,0.0,3.0,0.0,1.0
8,0,greedy_delta,9.0,28.0,5.6382704973220825,3.8609538078308105,1.777316689491272,5.6382704973220825,0.0,1.0,2.0,1.0,4.0,1.0
8,0,lookahead_delta,9.0,28.0,5.633520722389221,3.884932279586792,1.7485884428024292,5.633520722389221,0.0,1.0,2.0,1.0,4.0,1.0
8,0,wms_planner,9.0,28.0,5.4621769189834595,3.860023260116577,1.6021536588668823,5.4621769189834595,0.0,1.0,2.0,1.0,4.0,1.0
8,1,greedy_delta,13.0,34.0,7.134734392166138,5.476611614227295,1.6581227779388428,7.134734392166138,0.0,4.0,4.0,2.0,2.0,1.0
8,1,lookahead_delta,13.0,34.0,7.134734392166138,5.476611614227295,1.6581227779388428,7.134734392166138,0.0,4.0,4.0,2.0,2.0,1.0
8,1,wms_planner,13.0,34.0,7.270095229148865,5.328615188598633,1.941480040550232,7.270095229148865,0.0,4.0,4.0,2.0,2.0,1.0
8,2,greedy_delta,7.0,18.0,2.5724414587020874,1.7132036685943604,0.859237790107727,2.5724414587020874,0.0,3.0,0.0,1.0,2.0,1.0
8,2,lookahead_delta,7.0,18.0,2.5724414587020874,1.7132036685943604,0.859237790107727,2.5724414587020874,0.0,3.0,0.0,1.0,2.0,1.0
8,2,wms_planner,7.0,18.0,2.6699652671813965,1.653404712677002,1.0165605545043945,2.6699652671813965,0.0,3.0,0.0,1.0,2.0,1.0
8,3,greedy_delta,7.0,15.0,2.134722590446472,1.420893907546997,0.7138286828994751,2.134722590446472,0.0,3.0,1.0,3.0,0.0,0.0
8,3,lookahead_delta,7.0,15.0,2.1046878695487976,1.4145896434783936,0.690098226070404,2.1046878695487976,0.0,3.0,1.0,3.0,0.0,0.0
8,3,wms_planner,7.0,15.0,2.163480281829834,1.4369851350784302,0.7264951467514038,2.163480281829834,0.0,3.0,1.0,3.0,0.0,0.0
8,4,greedy_delta,12.0,30.0,5.824363708496094,4.264760971069336,1.5596027374267578,5.824363708496094,0.0,4.0,2.0,3.0,2.0,1.0
8,4,lookahead_delta,12.0,30.0,5.824363708496094,4.264760971069336,1.5596027374267578,5.824363708496094,0.0,4.0,2.0,3.0,2.0,1.0
8,4,wms_planner,12.0,30.0,5.994996547698975,4.380725860595703,1.6142706871032715,5.994996547698975,0.0,4.0,2.0,3.0,2.0,1.0
8,5,greedy_delta,14.0,34.0,8.226274013519287,6.040231227874756,2.1860427856445312,8.226274013519287,0.0,4.0,6.0,1.0,0.0,3.0
8,5,lookahead_delta,14.0,34.0,8.197235107421875,6.081386089324951,2.115849018096924,8.197235107421875,0.0,4.0,6.0,1.0,0.0,3.0
8,5,wms_planner,14.0,34.0,8.335988759994507,6.285778999328613,2.0502097606658936,8.335988759994507,0.0,4.0,6.0,1.0,0.0,3.0
8,6,greedy_delta,10.0,27.0,5.62579870223999,3.9604930877685547,1.6653056144714355,5.62579870223999,0.0,3.0,5.0,0.0,1.0,1.0
8,6,lookahead_delta,10.0,27.0,5.398003697395325,3.7662253379821777,1.631778359413147,5.398003697395325,0.0,3.0,5.0,0.0,1.0,1.0
8,6,wms_planner,10.0,27.0,5.657840371131897,3.802710771560669,1.855129599571228,5.657840371131897,0.0,3.0,5.0,0.0,1.0,1.0
8,7,greedy_delta,11.0,27.0,5.722776770591736,3.742295026779175,1.980481743812561,5.722776770591736,0.0,3.0,1.0,4.0,2.0,1.0
8,7,lookahead_delta,11.0,27.0,5.596358060836792,3.8059051036834717,1.7904529571533203,5.596358060836792,0.0,3.0,1.0,4.0,2.0,1.0
8,7,wms_planner,11.0,27.0,5.887224435806274,4.160794258117676,1.7264301776885986,5.887224435806274,0.0,3.0,1.0,4.0,2.0,1.0
8,8,greedy_delta,5.0,13.0,1.688408374786377,0.9452213644981384,0.7431870102882385,1.688408374786377,0.0,2.0,1.0,1.0,1.0,0.0
8,8,lookahead_delta,5.0,13.0,1.4889137744903564,0.8679481148719788,0.6209656596183777,1.4889137744903564,0.0,2.0,1.0,1.0,1.0,0.0
8,8,wms_planner,5.0,13.0,1.6562506556510925,0.904321551322937,0.7519291043281555,1.6562506556510925,0.0,2.0,1.0,1.0,1.0,0.0
8,9,greedy_delta,8.0,23.0,3.818663716316223,2.488682746887207,1.3299809694290161,3.818663716316223,0.0,3.0,1.0,0.0,3.0,1.0
8,9,lookahead_delta,8.0,23.0,3.654326319694519,2.448359966278076,1.2059663534164429,3.654326319694519,0.0,3.0,1.0,0.0,3.0,1.0
8,9,wms_planner,8.0,23.0,3.818663716316223,2.488682746887207,1.3299809694290161,3.818663716316223,0.0,3.0,1.0,0.0,3.0,1.0
8,10,greedy_delta,6.0,18.0,2.2773919701576233,1.568476676940918,0.7089152932167053,2.2773919701576233,0.0,2.0,2.0,0.0,2.0,0.0
8,10,lookahead_delta,6.0,18.0,2.2500941157341003,1.655832290649414,0.5942618250846863,2.2500941157341003,0.0,2.0,2.0,0.0,2.0,0.0
8,10,wms_planner,6.0,18.0,2.471310794353485,1.5966414213180542,0.8746693730354309,2.471310794353485,0.0,2.0,2.0,0.0,2.0,0.0
8,11,greedy_delta,9.0,21.0,3.339352548122406,2.365939140319824,0.9734134078025818,3.339352548122406,0.0,4.0,3.0,1.0,0.0,1.0
8,11,lookahead_delta,9.0,21.0,3.339352548122406,2.365939140319824,0.9734134078025818,3.339352548122406,0.0,4.0,3.0,1.0,0.0,1.0
8,11,wms_planner,9.0,21.0,3.7801764011383057,2.476201057434082,1.3039753437042236,3.7801764011383057,0.0,4.0,3.0,1.0,0.0,1.0
8,12,greedy_delta,10.0,27.0,4.6492637395858765,3.5587782859802246,1.0904854536056519,4.6492637395858765,0.0,3.0,3.0,2.0,2.0,0.0
8,12,lookahead_delta,10.0,27.0,4.577585697174072,3.503519058227539,1.0740666389465332,4.577585697174072,0.0,3.0,3.0,2.0,2.0,0.0
8,12,wms_planner,10.0,27.0,4.820186614990234,3.571117401123047,1.2490692138671875,4.820186614990234,0.0,3.0,3.0,2.0,2.0,0.0
8,13,greedy_delta,5.0,11.0,1.3246595859527588,0.7259721755981445,0.5986874103546143,1.3246595859527588,0.0,2.0,1.0,2.0,0.0,0.0
8,13,lookahead_delta,5.0,11.0,1.3246595859527588,0.7259721755981445,0.5986874103546143,1.3246595859527588,0.0,2.0,1.0,2.0,0.0,0.0
8,13,wms_planner,5.0,11.0,1.3258297443389893,0.727142333984375,0.5986874103546143,1.3258297443389893,0.0,2.0,1.0,2.0,0.0,0.0
8,14,greedy_delta,12.0,31.0,6.46610689163208,4.5421247482299805,1.9239821434020996,6.46610689163208,0.0,1.0,5.0,3.0,1.0,2.0
8,14,lookahead_delta,12.0,31.0,6.59937310218811,4.552753448486328,2.0466196537017822,6.59937310218811,0.0,1.0,5.0,3.0,1.0,2.0
8,14,wms_planner,12.0,31.0,6.721408128738403,4.664642333984375,2.0567657947540283,6.721408128738403,0.0,1.0,5.0,3.0,1.0,2.0
8,15,greedy_delta,16.0,40.0,9.858017921447754,7.379518985748291,2.478498935699463,9.858017921447754,0.0,4.0,4.0,3.0,2.0,3.0
8,15,lookahead_delta,16.0,40.0,9.593144178390503,7.251986026763916,2.341158151626587,9.593144178390503,0.0,4.0,4.0,3.0,2.0,3.0
8,15,wms_planner,16.0,40.0,10.148884534835815,7.2684125900268555,2.88047194480896,10.148884534835815,0.0,4.0,4.0,3.0,2.0,3.0
8,16,greedy_delta,8.0,25.0,4.45313036441803,3.1222734451293945,1.3308569192886353,4.45313036441803,0.0,2.0,3.0,0.0,3.0,0.0
8,16,lookahead_delta,8.0,25.0,4.45313036441803,3.1222734451293945,1.3308569192886353,4.45313036441803,0.0,2.0,3.0,0.0,3.0,0.0
8,16,wms_planner,8.0,25.0,4.26344096660614,3.1803781986236572,1.083062767982483,4.26344096660614,0.0,2.0,3.0,0.0,3.0,0.0
8,17,greedy_delta,9.0,23.0,4.0990564823150635,2.6716628074645996,1.4273936748504639,4.0990564823150635,0.0,1.0,3.0,4.0,1.0,0.0
8,17,lookahead_delta,9.0,23.0,4.024620413780212,2.6748263835906982,1.3497940301895142,4.024620413780212,0.0,1.0,3.0,4.0,1.0,0.0
8,17,wms_planner,9.0,23.0,4.225062727928162,2.745645046234131,1.4794176816940308,4.225062727928162,0.0,1.0,3.0,4.0,1.0,0.0
8,18,greedy_delta,8.0,18.0,2.789241850376129,1.9730522632598877,0.8161895871162415,2.789241850376129,0.0,3.0,2.0,3.0,0.0,0.0
8,18,lookahead_delta,8.0,18.0,2.78166002035141,1.9466423988342285,0.8350176215171814,2.78166002035141,0.0,3.0,2.0,3.0,0.0,0.0
8,18,wms_planner,8.0,18.0,2.815361976623535,1.901265025138855,0.9140969514846802,2.815361976623535,0.0,3.0,2.0,3.0,0.0,0.0
8,19,greedy_delta,8.0,22.0,4.729840040206909,3.134721279144287,1.595118761062622,4.729840040206909,0.0,0.0,6.0,1.0,0.0,1.0
8,19,lookahead_delta,8.0,22.0,4.737990498542786,3.1357407569885254,1.6022497415542603,4.737990498542786,0.0,0.0,6.0,1.0,0.0,1.0
8,19,wms_planner,8.0,22.0,5.200405597686768,3.6669106483459473,1.5334949493408203,5.200405597686768,0.0,0.0,6.0,1.0,0.0,1.0
9,0,greedy_delta,9.0,21.0,3.067070424556732,2.079653024673462,0.9874173998832703,3.067070424556732,0.0,2.0,3.0,2.0,0.0,2.0
9,0,lookahead_delta,9.0,21.0,3.067070424556732,2.079653024673462,0.9874173998832703,3.067070424556732,0.0,2.0,3.0,2.0,0.0,2.0
9,0,wms_planner,9.0,21.0,3.1695642471313477,2.149554967880249,1.0200092792510986,3.1695642471313477,0.0,2.0,3.0,2.0,0.0,2.0
9,1,greedy_delta,9.0,23.0,3.595785140991211,2.568434953689575,1.0273501873016357,3.595785140991211,0.0,3.0,3.0,1.0,1.0,1.0
9,1,lookahead_delta,9.0,23.0,3.5482726097106934,2.4928014278411865,1.0554711818695068,3.5482726097106934,0.0,3.0,3.0,1.0,1.0,1.0
9,1,wms_planner,9.0,23.0,3.5286494493484497,2.491725206375122,1.0369242429733276,3.5286494493484497,0.0,3.0,3.0,1.0,1.0,1.0
9,2,greedy_delta,15.0,37.0,8.938552141189575,6.566889762878418,2.3716623783111572,8.938552141189575,0.0,2.0,5.0,4.0,1.0,3.0
9,2,lookahead_delta,15.0,37.0,8.841605186462402,6.529232025146484,2.312373161315918,8.841605186462402,0.0,2.0,5.0,4.0,1.0,3.0
9,2,wms_planner,15.0,37.0,8.80213975906372,6.30947208404541,2.4926676750183105,8.80213975906372,0.0,2.0,5.0,4.0,1.0,3.0
9,3,greedy_delta,8.0,20.0,2.8687475323677063,1.9003711938858032,0.9683763384819031,2.8687475323677063,0.0,1.0,2.0,2.0,1.0,2.0
9,3,lookahead_delta,8.0,20.0,2.8687475323677063,1.9003711938858032,0.9683763384819031,2.8687475323677063,0.0,1.0,2.0,2.0,1.0,2.0
9,3,wms_planner,8.0,20.0,2.9668896198272705,1.925715446472168,1.0411741733551025,2.9668896198272705,0.0,1.0,2.0,2.0,1.0,2.0
9,4,greedy_delta,16.0,35.0,8.374417066574097,6.122953414916992,2.2514636516571045,8.374417066574097,0.0,6.0,3.0,4.0,0.0,3.0
9,4,lookahead_delta,16.0,35.0,8.079795122146606,6.105306625366211,1.9744884967803955,8.079795122146606,0.0,6.0,3.0,4.0,0.0,3.0
9,4,wms_planner,16.0,35.0,8.093008756637573,6.075838565826416,2.0171701908111572,8.093008756637573,0.0,6.0,3.0,4.0,0.0,3.0
9,5,greedy_delta,19.0,41.0,12.219183444976807,9.940260887145996,2.2789225578308105,12.219183444976807,0.0,12.0,3.0,2.0,0.0,2.0
9,5,lookahead_delta,19.0,41.0,12.219183444976807,9.940260887145996,2.2789225578308105,12.219183444976807,0.0,12.0,3.0,2.0,0.0,2.0
9,5,wms_planner,19.0,41.0,12.092313051223755,9.505229949951172,2.587083101272583,12.092313051223755,0.0,12.0,3.0,2.0,0.0,2.0
9,6,greedy_delta,7.0,19.0,2.7365505695343018,1.9456756114959717,0.7908749580383301,2.7365505695343018,0.0,3.0,3.0,0.0,1.0,0.0
9,6,lookahead_delta,7.0,19.0,2.7351558208465576,1.9088215827941895,0.8263342380523682,2.7351558208465576,0.0,3.0,3.0,0.0,1.0,0.0
9,6,wms_planner,7.0,19.0,2.7224472761154175,1.8709315061569214,0.8515157699584961,2.7224472761154175,0.0,3.0,3.0,0.0,1.0,0.0
9,7,greedy_delta,10.0,26.0,4.650443434715271,3.4652767181396484,1.1851667165756226,4.650443434715271,0.0,4.0,4.0,0.0,1.0,1.0
9,7,lookahead_delta,10.0,26.0,4.650443434715271,3.4652767181396484,1.1851667165756226,4.650443434715271,0.0,4.0,4.0,0.0,1.0,1.0
9,7,wms_planner,10.0,26.0,4.624024987220764,3.3478615283966064,1.2761634588241577,4.624024987220764,0.0,4.0,4.0,0.0,1.0,1.0
9,8,greedy_delta,10.0,28.0,5.282260894775391,3.6523962020874023,1.6298646926879883,5.282260894775391,0.0,1.0,4.0,1.0,2.0,2.0
9,8,lookahead_delta,10.0,28.0,5.275600552558899,3.6628904342651367,1.6127101182937622,5.275600552558899,0.0,1.0,4.0,1.0,2.0,2.0
9,8,wms_planner,10.0,28.0,5.124096632003784,3.612121105194092,1.5119755268096924,5.124096632003784,0.0,1.0,4.0,1.0,2.0,2.0
9,9,greedy_delta,12.0,29.0,6.649274110794067,4.651223182678223,1.9980509281158447,6.649274110794067,0.0,2.0,5.0,4.0,0.0,1.0
9,9,lookahead_delta,12.0,29.0,6.7049643993377686,4.687337875366211,2.0176265239715576,6.7049643993377686,0.0,2.0,5.0,4.0,0.0,1.0
9,9,wms_planner,12.0,29.0,7.103835582733154,4.91228723526001,2.1915483474731445,7.103835582733154,0.0,2.0,5.0,4.0,0.0,1.0
9,10,greedy_delta,15.0,39.0,9.453460931777954,7.109179496765137,2.3442814350128174,9.453460931777954,0.0,2.0,5.0,4.0,2.0,2.0
9,10,lookahead_delta,15.0,39.0,9.453460931777954,7.109179496765137,2.3442814350128174,9.453460931777954,0.0,2.0,5.0,4.0,2.0,2.0
9,10,wms_planner,15.0,39.0,9.67993450164795,7.236821174621582,2.443113327026367,9.67993450164795,0.0,2.0,5.0,4.0,2.0,2.0
9,11,greedy_delta,3.0,7.0,0.723449170589447,0.4219406545162201,0.30150851607322693,0.723449170589447,0.0,2.0,1.0,0.0,0.0,0.0
9,11,lookahead_delta,3.0,7.0,0.723449170589447,0.4219406545162201,0.30150851607322693,0.723449170589447,0.0,2.0,1.0,0.0,0.0,0.0
9,11,wms_planner,3.0,7.0,0.723449170589447,0.4219406545162201,0.30150851607322693,0.723449170589447,0.0,2.0,1.0,0.0,0.0,0.0
9,12,greedy_delta,8.0,22.0,3.2018117904663086,2.415350914001465,0.7864608764648438,3.2018117904663086,0.0,2.0,2.0,1.0,2.0,1.0
9,12,lookahead_delta,8.0,22.0,3.2018117904663086,2.415350914001465,0.7864608764648438,3.2018117904663086,0.0,2.0,2.0,1.0,2.0,1.0
9,12,wms_planner,8.0,22.0,3.059951603412628,2.2750682830810547,0.7848833203315735,3.059951603412628,0.0,2.0,2.0,1.0,2.0,1.0
9,13,greedy_delta,8.0,19.0,2.660238206386566,1.880287528038025,0.7799506783485413,2.660238206386566,0.0,2.0,3.0,1.0,0.0,2.0
9,13,lookahead_delta,8.0,19.0,2.660238206386566,1.880287528038025,0.7799506783485413,2.660238206386566,0.0,2.0,3.0,1.0,0.0,2.0
9,13,wms_planner,8.0,19.0,2.7185171842575073,1.8089367151260376,0.9095804691314697,2.7185171842575073,0.0,2.0,3.0,1.0,0.0,2.0
9,14,greedy_delta,10.0,21.0,3.33675354719162,2.468940258026123,0.8678132891654968,3.33675354719162,0.0,4.0,1.0,3.0,0.0,2.0
9,14,lookahead_delta,10.0,21.0,3.295162856578827,2.54864239692688,0.746520459651947,3.295162856578827,0.0,4.0,1.0,3.0,0.0,2.0
9,14,wms_planner,10.0,21.0,3.33675354719162,2.468940258026123,0.8678132891654968,3.33675354719162,0.0,4.0,1.0,3.0,0.0,2.0
9,15,greedy_delta,13.0,33.0,6.667081952095032,5.089418411254883,1.577663540840149,6.667081952095032,0.0,5.0,3.0,2.0,2.0,1.0
9,15,lookahead_delta,13.0,33.0,6.63054084777832,5.200325012207031,1.430215835571289,6.63054084777832,0.0,5.0,3.0,2.0,2.0,1.0
9,15,wms_planner,13.0,33.0,6.935243368148804,5.172624588012695,1.7626187801361084,6.935243368148804,0.0,5.0,3.0,2.0,2.0,1.0
9,16,greedy_delta,9.0,24.0,4.195919990539551,2.937776803970337,1.2581431865692139,4.195919990539551,0.0,4.0,0.0,1.0,3.0,1.0
9,16,lookahead_delta,9.0,24.0,4.195919990539551,2.937776803970337,1.2581431865692139,4.195919990539551,0.0,4.0,0.0,1.0,3.0,1.0
9,16,wms_planner,9.0,24.0,4.325246214866638,2.8696160316467285,1.4556301832199097,4.325246214866638,0.0,4.0,0.0,1.0,3.0,1.0
9,17,greedy_delta,12.0,32.0,6.855217456817627,5.00407600402832,1.8511414527893066,6.855217456817627,0.0,3.0,2.0,2.0,3.0,2.0
9,17,lookahead_delta,12.0,32.0,6.855217456817627,5.00407600402832,1.8511414527893066,6.855217456817627,0.0,3.0,2.0,2.0,3.0,2.0
9,17,wms_planner,12.0,32.0,6.9215110540390015,5.006288528442383,1.9152225255966187,6.9215110540390015,0.0,3.0,2.0,2.0,3.0,2.0
9,18,greedy_delta,13.0,35.0,7.3717122077941895,5.764452934265137,1.6072592735290527,7.3717122077941895,0.0,5.0,3.0,1.0,3.0,1.0
9,18,lookahead_delta,13.0,35.0,7.4823890924453735,5.747725486755371,1.7346636056900024,7.4823890924453735,0.0,5.0,3.0,1.0,3.0,1.0
9,18,wms_planner,13.0,35.0,7.5448973178863525,5.893061637878418,1.6518356800079346,7.5448973178863525,0.0,5.0,3.0,1.0,3.0,1.0
9,19,greedy_delta,6.0,16.0,2.0238765478134155,1.3029378652572632,0.7209386825561523,2.0238765478134155,0.0,2.0,0.0,1.0,2.0,1.0
9,19,lookahead_delta,6.0,16.0,2.0238765478134155,1.3029378652572632,0.7209386825561523,2.0238765478134155,0.0,2.0,0.0,1.0,2.0,1.0
9,19,wms_planner,6.0,16.0,2.1682963967323303,1.3591389656066895,0.8091574311256409,2.1682963967323303,0.0,2.0,0.0,1.0,2.0,1.0
